0,1,2,3,4,5,6,7,8,9,10,11,12,13,14,15,16,17,18,19,20,21,22,23,24,25
0.3183098861838077,0.004073569840407104,0.026623892775989873,0.012788131732149101,0.000811600232037405,0.0027265857059604287,0.007977813233927324,0.018148493986780916,0.003047395379357983,0.0007486806110477738,0.005714452184747665,0.0027828963189996357,0.010436637774251278,0.01114573923971544,0.006712620032763265,0.003936170276739404,0.007562296010907908,0.00428667177848637,0.0026153748158827365,0.001587163367621982,0.0035433628204404235,0.0019567089629801125,0.0022259642852121356,0.00363844735500611,0.0029407771341243244,Afro-ecuadorians
0.318309886183799,0.0037844463103711232,0.022281156463082073,0.012863455710417105,0.003021847004939474,0.0021175374302086283,0.014603613145456364,0.008209998679289957,0.0077331700267028606,0.0024809002346534216,0.004953303905282737,0.0043142679400103865,0.018399613500431986,0.004436625670566129,0.004462056437091586,0.005833575358999166,0.00905682814045207,0.00278811537468016,0.003574972226829044,0.007771174389361556,0.0024708531835448,0.0015648863528969995,0.0023076182577589158,0.002325531314364437,0.005667554237086522,Afro-ecuadorians
0.3183098861838109,0.0071986992869217175,0.027549677791492196,0.01505244428060041,0.005859686790586177,0.002401357756680088,0.01630839162995718,0.012739197253193286,0.009818952019676697,0.005925552282470509,0.01199371112662631,0.00398563523154794,0.013715741354470096,0.0010174007292756756,0.010243443095229754,0.008184796112596052,0.009211691657151584,0.019240255877830872,0.006118586695305683,0.0033089678860542472,0.010182990682065825,0.004566310124529087,0.006861216459412026,0.004382649016287463,0.005034620644515619,Afro-ecuadorians
0.3183098861837826,0.006559928761942112,0.02517669860261654,0.00989611771394388,0.011890647443968606,0.009555474597554117,0.01229885629579912,0.007527216792585732,0.00306349753031545,0.011945810847455524,0.0062918479461135796,0.005537527460591854,0.011426528168780543,0.002475899511994967,0.00407758192493669,0.0015076082789262787,0.01040624587161615,0.009781077556251728,0.0048089768893325195,0.004058832410951469,0.006722006210927262,0.004376527402082025,0.013456330202435994,0.004540313114452921,0.004433572669472817,Afro-ecuadorians
0.3183098861838103,0.003619767450218289,0.021961544442134533,0.011439158689820886,0.004197067114486364,0.005445761398207122,0.005186162780353924,0.016004803686199547,0.006053626869812184,0.006323013672038604,0.00460811972283429,0.0036488074893715147,0.012308075002602151,0.002095839118905601,0.010255176576730711,0.0033365114506687995,0.0009833964255364937,0.005995501065715782,0.008358324955489209,0.0077897614357924265,0.0015832886059679498,0.004956390107156613,0.003145142204234806,0.006783414493332671,0.004385314039058483,Afro-ecuadorians
0.3183098861838058,0.0032729802793572895,0.016079989323714836,0.003862380016403631,0.004316987858710738,0.0011236622790399295,0.004117621109958022,0.0057280901169217,0.00445393524976829,0.0063388995621399755,0.0005554789926049108,0.0022834117933581317,0.01188389959992297,0.002809965236753988,0.003496250308087062,0.006050092423768588,0.008541461796374248,0.009355308746863543,0.002024968443507394,0.001545981036799318,0.003292421302011397,0.0016856922182818502,0.004549619584102518,0.004776500915023649,0.0026548618365015344,Afro-ecuadorians
0.31830988618380784,0.005461175387140534,0.016055642540868997,0.0024304118509464218,0.005845813639439359,0.004403537131159666,0.008315273549663417,0.007444366565164092,0.0080928237147223,0.004843051241007053,0.0021458065366327305,0.004379610528006444,0.005039523930362095,0.007021005697176321,0.009257795349383854,0.008882104478414879,0.011965846773388066,0.009649351216886124,0.009556856064918184,0.007084920735316525,0.0005670695863478979,0.003456606691864458,0.0026839372197032603,0.009677465728371535,0.0021531216797638555,Afro-ecuadorians
0.31830988618379563,0.0041861170861310715,0.015617834309284302,0.008287430182701195,0.004953440338922564,0.001643393879113917,0.005466543808565797,0.005707760039849948,0.007049241497430742,0.005442307970917748,0.009181492314718345,0.006848149945235636,0.009235736039801224,0.0013043687434087412,0.014088821984971639,0.004837657532888001,0.0018725110538468355,0.0019935253591690854,0.0020499400103602037,0.003944672022301755,0.005812907906005524,0.0026016342785148213,0.003851324483236161,0.003599673133225463,0.003587022817640999,Afro-ecuadorians
0.3183098861837711,0.007145531451014524,0.020356577910467338,0.014310394791023003,0.010320656603824713,0.0020881835960879316,0.009941347458722735,0.010993811995803005,0.00913253539761691,0.003930099744153008,0.008302765145677017,0.004232561350522255,0.005682544530366111,0.005552896415395471,0.0034338811051234856,0.007738290543830984,0.003263442723437055,0.010957982643135444,0.0022970871783282508,0.005263581225879913,0.0014164187978308275,0.0023366950393886345,0.004545560477325507,0.0013007986593683047,0.006811773376033327,Afro-ecuadorians
0.3183098861838065,0.0008867897932680767,0.025172005429262602,0.009282901291524422,0.005631004828214314,0.0018321987933306836,0.012290795315015677,0.01060984927586761,0.0020444116728684488,0.008303338742393439,0.004089696721701742,0.0034054018336628178,0.013012084425165982,0.009530467489699579,0.005835861104005916,0.003298142749654407,0.006359663451737232,0.0076516968162749785,0.0064930903614099115,0.0022071444969823566,0.015092231109625532,0.007233136100248323,0.004589833286816563,0.0007495172766919793,0.004274319789544532,Afro-ecuadorians
0.31830988618377853,0.0002495330978931842,0.01684870964599366,0.01076367048797487,0.004634593237772347,0.0019433379046758469,0.007622090472914378,0.007350581991551244,0.004870648942587447,0.006747640161943392,0.0059467328120646765,0.0017860034400634466,0.021365825755768827,0.0014188286362194458,0.005544837444943342,0.002777782987356195,0.0037737256914051284,0.003531312548215501,0.00868412328396377,0.00323559358324351,0.005269855663044352,0.006710846395228353,0.002392107090291921,0.0013103244718763699,0.004790952963159253,Afro-ecuadorians
0.318309886183772,0.003318856623500179,0.02531349514351819,0.011684312438159187,0.0018760650025281733,0.0009541363630001109,0.011672649792284738,0.014093726966936048,0.006587622389336784,0.004417254717670857,0.008695768421537233,0.0022686426552148216,0.010347751697897695,0.008914166985395858,0.009047238294248807,0.004553118866664249,0.009711969979258802,0.00740704746636092,0.00671816030131139,0.0069343166973833605,0.005069609162112536,0.0038434322664419847,0.007170970165888226,0.0023875573791440163,0.008198818501009581,Afro-ecuadorians
0.3183098861838051,0.005031932276960965,0.02038074563364547,0.011387226175633126,0.00489024578257917,0.0017417231140975746,0.0025884386124412936,0.012630901921386873,0.005979829610020373,0.0024195703174612194,0.008657501522243758,0.0013133736971287667,0.008845956136143604,0.005386946011240501,0.0075257243787097295,0.005851266621438404,0.0028354138826897357,0.009545109751223864,0.007701870573714704,0.0012078173179440807,0.008068026236882327,0.0033896232731653836,0.00466863932085883,0.0015325035816134479,0.0026354470335713635,Afro-ecuadorians
0.31830988618379996,0.0009452850131466173,0.02605234195702712,0.005475792888267165,0.005770243746386067,0.0007625807025516975,0.020513006776251213,0.007498306047137606,0.0022557217677854208,0.0034511809387349243,0.0023995086646701174,0.0012960225910412836,0.018874877804361697,0.0036658913053952235,0.003529602448460803,0.0012532084509713842,0.002141377221407045,0.001349899172608242,0.002032031692159094,0.002688096423418594,0.003881038009935696,0.007194974472946969,0.0035483358088885058,0.0008803377231810327,0.009755607826656899,Afro-ecuadorians
0.31830988618380174,0.0006433181070097466,0.026907282354769628,0.011911197787198966,0.00882317327848308,0.0019461076560472882,0.016901772468129263,0.011844120039330048,0.007648161224428959,0.003209497581219531,0.00441475113598787,0.003281886203139183,0.023157947106342537,0.005628290860567566,0.0076300743403058605,0.00673691394281251,0.003886635590411692,0.004432556171019772,0.002774231255639539,0.0009538709957856529,0.0003079472545484777,0.00851272181015026,0.00400124615782687,0.0032983547655015552,0.0028968275997571643,Afro-ecuadorians
0.3183098861837943,0.0005562360124956959,0.029928234054544128,0.027472917032080924,0.007699601244252232,0.0028027774592603635,0.010555605046687275,0.025514511199487708,0.019559892765634072,0.003224277614578944,0.0032510938324134906,0.0037309812185032302,0.026649523280114478,0.0030079307516175384,0.01893474938339572,0.013694383097315882,0.005581545435224119,0.010612467264889987,0.005840524425434605,0.0019453089748879494,0.0009082947929670325,0.009063163120877434,0.007670175491824314,0.015164436985215298,0.0027901612620587412,Afro-ecuadorians
0.3183098861837724,0.0018098852490496926,0.028163666584130578,0.009205173992815894,0.0029837154862776944,0.0011099349092046113,0.014363142231007727,0.013003418991399677,0.004516941368046215,0.004713888500366237,0.0020869420451455883,0.00121270053908404,0.018413457406267594,0.009955182805675254,0.009098831820134524,0.005143734992805752,0.005960105997118526,0.0013606521506419346,0.002099848079144262,0.0041592629360220615,0.0026757917070096577,0.004972147980144265,0.0001962907476730459,0.0037320514373282254,0.00429801750537594,Afro-ecuadorians
0.31830988618380573,0.002166357612536394,0.023511069454415303,0.012215354115555882,0.0009721964337142783,0.00036806518223966194,0.010552550292321276,0.011768369951410293,0.006341641431047933,0.002932331735386896,0.0018390498831513413,0.0018932850368818378,0.015225236655360127,0.005928239072140588,0.009134730373441853,0.0059589195712451805,0.0014050605529822738,0.003234449233881703,0.002406614066492153,0.004546804799121105,0.0051486323801441325,0.0008403176412305113,0.0008115926396991065,0.005156366350633358,0.003721958579142628,Afro-ecuadorians
0.3183098861837802,0.0065481051950140095,0.027605180231280214,0.016091755450098555,0.007146522313585844,0.0019694053255944624,0.012682354923559314,0.016511956867605336,0.008952615138060145,0.009623731837324394,0.015305197866513097,0.005064949926858669,0.01305678195593836,0.0035412548337486593,0.011589948289772603,0.0033384016017153494,0.001209102899451647,0.014753981989681336,0.0066392066234516,0.0035086642427047117,0.003355931310477114,0.0006857203215473492,0.0032108470028087647,0.006405409948073684,0.003216552586607098,Afro-ecuadorians
0.3183098861838063,0.0060296367849511385,0.025734437736437157,0.012057896714249894,0.007188086464923401,0.00521716811214268,0.01181461847916389,0.014747398274694809,0.0063271898874247955,0.011788172409270145,0.007825828580289329,0.0028005683344314415,0.01164895074640601,0.004542238800348766,0.0078053403291727455,0.004235978036204717,0.008012427017677105,0.0132067179899102,0.010154589711613921,0.0037429688952384118,0.001054555405630776,0.0038689273437256333,0.00553964913327519,0.006921158276944104,0.001538194118481829,Afro-ecuadorians
0.3183098861837768,0.005975111784503626,0.029208307764438533,0.02050368565123907,0.0026982252106440476,0.004346103217747731,0.00109896963093964,0.027268635037862667,0.011244387064007355,0.011629874401708044,0.011092481773923163,0.002401333172993696,0.006483933102152135,0.008524398977186995,0.015452107718368661,0.006988617745519809,0.007621960040252474,0.014521189199968946,0.010485052609683484,0.004170781858242816,0.0036540755001871986,0.005227659825699863,0.007336303485986348,0.004540396541099862,0.004592607294452566,Afro-ecuadorians
0.31830988618381534,0.0051050234985739375,0.01956029043693086,0.011670230340368501,0.006263807414094451,0.0022800029246401086,0.005978481746284808,0.01293636036485993,0.005674550442229709,0.0063528898385955416,0.010882356365685365,0.003273191866331967,0.007425972430194855,0.007472678241186106,0.0079178747318899,0.003338335020019617,0.006144661147547312,0.00639895668076751,0.007138496016783584,0.0010337443090480483,0.004849845442680495,0.0034578918508724674,0.001578879082533595,0.0033975662392775074,0.0053107108951411216,Afro-ecuadorians
0.31830988618380024,0.003983814135736074,0.02307275276610241,0.012179415883078972,0.0036040503504640477,0.0029801038707496586,0.009318310495250398,0.011418432415286662,0.006263986360793042,0.004237887300264559,0.006032948979403128,0.00113249553348019,0.00876878976672934,0.0044957030123732,0.0052147082987541934,0.005270599948061803,0.004141993742546714,0.001923222839741221,0.0036481392028827964,0.0023146520181912835,0.012875619996762904,0.002136940949180752,0.0009479885347767255,0.0044555847580782645,0.004012005694853588,Afro-ecuadorians
0.3183098861837856,0.00758090230481617,0.02448970101543179,0.014870446003013288,0.009595760384479067,0.0019343706242488322,0.00886373195047758,0.01654784875752392,0.00780046575872592,0.00813008412858968,0.015774541542222745,0.0022972632053384506,0.01766522433806085,0.004106006493519143,0.015798234976607428,0.0066565654205045805,0.00717679887425302,0.011592196179136009,0.011213037126041546,0.004044393058624729,0.0008089582613084327,0.00606748877562861,0.007434548388530475,0.008591724441971562,0.004715979069531562,Afro-ecuadorians
0.3183098861838044,0.004991806085582386,0.030035713786020695,0.012441425987623734,0.005652857533031564,0.0037107755517027004,0.018552786035438557,0.014575731743161844,0.008722493080196663,0.005016587321783246,0.006204023782826361,0.001870612265243817,0.02621925211777307,0.005908805852364263,0.009460349906377188,0.005034380281826231,0.0016821702305555627,0.0032960619734308688,0.00914422840300341,0.00568687163295713,0.008598878929516907,0.0027553187401560234,0.006974185575891454,0.00473559718201967,0.0032799600839490684,Afro-ecuadorians
0.31830988618378436,0.011885378735880438,0.0163460224591249,0.017984470219492833,0.009845313523132412,0.008305892610191386,0.006983520697809337,0.014168660768295493,0.009305657165956058,0.014097698086866957,0.01171752551004977,0.005045874992160855,0.010951658525464082,0.00100146630910347,0.009159206867654165,0.006873894212433294,0.0036001764018565047,0.013052521507348789,0.006389304726566374,0.0026312496716968062,0.010643345719636564,0.00033663678395241434,0.007777559837113392,0.004391924932889647,0.003318849607677084,Afro-ecuadorians
0.3183098861838002,0.00876293458757671,0.017027257546761747,0.019851802728769408,0.010019557864709091,0.004283401496082321,0.00036796720944463814,0.022172252511713505,0.011608503899116926,0.01093889621154318,0.01859332719278983,0.0029894161227194656,0.002136719335472771,0.011612743610866444,0.016308147057714096,0.009447898036507847,0.004383492926095129,0.008666828948778002,0.01147103035746592,0.001641044606425345,0.003863782960613011,0.00645869835130749,0.0021589951584558183,0.0046268750466821225,0.008622927669804558,Afro-ecuadorians
0.3183098861837992,0.007182322818017254,0.02771411177775627,0.01742102226003477,0.004898791950841997,0.006010661322644155,0.015198348461092012,0.0209672359916417,0.010443002343911089,0.012181623069248458,0.01250096456667002,0.002969891928118073,0.016780693449444148,0.009189657073726612,0.017253534496284452,0.012225197622803902,0.009039388653065476,0.009310869997314836,0.013217794785119525,0.005473942624934415,0.004723760209192446,0.006715991415917584,0.0031134583613185336,0.006700466109780187,0.007937945259302857,Afro-ecuadorians
0.31830988618381195,0.005349903855033929,0.029475392822597066,0.0114466028093947,0.0026781336650831262,0.0014552128901428793,0.009636033557284578,0.015006959311353289,0.0066088201887784396,0.003042474158797163,0.00477485229335627,0.0033495335805026074,0.01605425359916928,0.006613611449595408,0.008131918059454837,0.005057628599303762,0.001484672472189092,0.014087576203786445,0.0028329404511596348,0.0021523743214430166,0.013226777051685032,0.007233714235024022,0.003420354845090585,0.0050656338905444185,0.0031951733052729948,Afro-ecuadorians
0.31830988618380784,0.0014929031398434641,0.03130452087601161,0.0131090560474259,0.005840450099131761,0.0025123118242655743,0.016634474924638487,0.014942636972426898,0.0051324955352331685,0.004673236450710896,0.0036870062488631814,0.003416686890950352,0.02091190763338557,0.005897296544932564,0.011770398297562943,0.0049191425092698,0.003261136328275809,0.006016870150526688,0.0041864499417790324,0.005297234475829348,0.00685980530675822,0.006040764804097748,0.003598092865415599,0.008340003300580157,0.001935666949839733,Afro-ecuadorians
0.3183098861838085,0.004505195883827529,0.02924019383891947,0.009602292927167614,0.011358368434365147,0.006996103891004069,0.00394425605163054,0.009664967444256411,0.0005504969847753633,0.00834264473492023,0.009936619684529862,0.0036275858281928828,0.004011974548076111,0.003338434839039144,0.004002654747672307,0.002880516583692614,0.001953855582540385,0.004688179408442838,0.00802432203094576,0.009833273227168142,0.016808359175991452,0.004495869935121591,0.013047552068377688,0.0007739884872924886,0.0027351614448536455,Afro-ecuadorians
0.3183098861837828,0.0017070310694316255,0.0225468582036751,0.010164676141089879,0.009379855778620189,0.0033047709146835774,0.015375490392887317,0.00765029986692465,0.007007617911851573,0.0060781643930207544,0.0025169660164760465,0.004022617925332363,0.016982388273443626,0.004104909895939669,0.004374947059535504,0.004789169243207655,0.004904942373303315,0.005765204320491771,0.0028968872087101294,0.0016059265797957278,0.0032142681708040616,0.0034218422510515906,0.0022160881257666802,0.0030500050988428143,0.0019631873845978045,Afro-ecuadorians
0.31830988618380784,0.007459374396369559,0.016742601992662195,0.0145774590765928,0.01043689218044135,0.0050762188113221696,0.004062437490537567,0.014974459284383576,0.007399749159361339,0.00704677702183794,0.012340943085229112,0.0030807777013322243,0.005540501861555078,0.0029916321208676966,0.011352441959066607,0.00608843087333832,0.00345198318124547,0.007182224507420094,0.009650173140306263,0.0028657299296249187,0.004537516495044124,0.004976188648099137,0.006271722129006532,0.005539332172251512,0.0012896073309870287,Afro-ecuadorians
0.31830988618378675,0.008664040197250441,0.03347547319516288,0.011448470212998921,0.009206487739913683,0.004543520633569657,0.02074775718998362,0.010682432007674091,0.0028932844576551996,0.0026183550737992165,0.011947437285475013,0.0004667010024237474,0.0008506708061199569,0.008716983614488567,0.010053748872932847,0.0024566052567075937,0.0062224983522972,0.005025193051515128,0.007894337310222172,0.0008261459829584092,0.0073080259703499585,0.006208809570386701,0.0014600805907808978,0.000462836249841137,0.002567288461036046,Afro-ecuadorians
0.3183098861837969,0.004367904028073462,0.02328914158184304,0.009834901206839637,0.003225892838363312,0.0026139284751105626,0.014086601036758649,0.007023259337608579,0.007314847193990648,0.006507128351267659,0.0020575548219335265,0.0017340151309973033,0.01444592895533489,0.004358743620784449,0.0029347733289073383,0.005164631931924048,0.002367425144642895,0.01403375373740152,0.003152552033385018,0.003465437512247538,0.00923053370556245,0.005316622405502755,0.004252444269614589,0.0015284769750076835,0.0014541242720253265,Afro-ecuadorians
0.31830988618377354,0.004391640818569314,0.018800949433861024,0.0125402487567251,0.0068815865598813785,0.0038114686114926366,0.013326814774332268,0.009649471778215181,0.006396774752165322,0.0028365876766446646,0.0010285474312987713,0.001957575234415346,0.01988834278981298,0.0024389957513419928,0.006927585065513963,0.00736733998563217,0.0010503558418295009,0.004033096771235316,0.004876679952000905,0.00502386952953554,0.010893757330253306,0.00016830753599393714,0.0034045035480850796,0.0012720218329798632,0.0019446463200161795,Afro-ecuadorians
0.3183098861838016,0.0015400668370450577,0.03286820255103566,0.01680942146953489,0.010724542125795314,0.005147642020980303,0.014019738071256935,0.020884038559310883,0.0025193029280686746,0.006903539549953708,0.00410954771778638,0.009044998708140817,0.02467390059218985,0.0072135478777113635,0.014477607167894103,0.003196617986203489,0.007420416339528362,0.005052948630121265,0.007550685646819254,0.0076907102240789385,0.006624068177551151,0.003959209599450277,0.0048277716902784,0.005530994764318481,0.00045984708797792696,Afro-ecuadorians
0.3183098861838091,0.005038297722266472,0.02383034929121497,0.018936059242770698,0.009076666663235823,0.005617152001956298,0.0020950055065349304,0.0037930765488804,0.0009244584363407314,0.006849562486119044,0.012878407240411383,0.015343135338137399,0.008622468400703465,0.011157407531381315,0.00511525030614538,0.011082252118104034,0.007722578715559985,0.01267841681466053,0.011027345916625134,0.017901958494875168,0.006206797405234883,0.012978324747753053,0.01946023621367309,0.0022826029937251108,0.01198028311665797,Afro-ecuadorians
0.3183098861838054,0.002562106875618598,0.02286839958328161,0.01609115031434291,0.005599202564899695,0.005697082334681011,0.0022803245647633054,0.017498431830467873,0.00835789096547446,0.0029084704361319754,0.010049161309143287,0.006523086067052569,0.013613907668103786,0.0035190370681369237,0.016212392757966546,0.005734836230913001,0.005480647908925827,0.001501359298685895,0.013853593348809088,0.002695674902903081,0.001306088072697423,0.0090483215551333,0.003792008611475922,0.010789094473595665,0.0032345200867481064,Afro-ecuadorians
0.3183098861837863,0.011259042588528376,0.026301736417887352,0.004425175419101559,0.010669339566222026,0.014814974237801124,0.006929490574907302,0.01111285072934309,0.003597070695298892,0.011528955800913704,0.003353003905929307,0.007345204650153591,0.01083698718863586,0.01613713953443865,0.0021989279890935495,0.008647963961401663,0.009831822758517943,0.011589670940891921,0.007644438933460123,0.004877521828992074,0.0027719665095601006,0.0013772152517348914,0.01080727771044529,0.006094532106528166,0.006842389224086152,Afro-ecuadorians
0.3183098861837782,0.0038009186914809237,0.014101232425774499,0.0106695137235286,0.004048336369059409,0.002205192426881372,0.009042814097685608,0.0021809718501672026,0.007941439440678596,0.003210413809862172,0.005121669482723185,0.003785802479227973,0.01160962075415324,0.005023789514511554,0.0031505551688725203,0.005218015520136152,0.006399961215191009,0.0033147066102767703,0.0018186429273251493,0.004449460257678365,0.00780435122980906,0.00634204904281517,0.0008161652570045942,0.0023236497433829087,0.004833713976085565,Afro-ecuadorians
0.31830988618378053,0.0030712013220733567,0.027688197659078543,0.014821288027970414,0.004634285511731406,0.005302624134339182,0.007065139836794416,0.01726054069554579,0.006072729799958651,0.011377155153953558,0.0073355972105892215,0.005132763155912767,0.013749878304098071,0.00914305548289444,0.011801518547159112,0.00479434841085099,0.002475653635967955,0.009006237663352274,0.008791456799506322,0.0015750624472725158,0.007720979520879589,0.0064112172526599185,0.0016416373752144535,0.006678139137359365,0.003601751720461,Afro-ecuadorians
0.3183098861837799,0.0038886669080224513,0.027458824321205822,0.010342944629187478,0.006304656712902531,0.0035827858545071046,0.02082154983138396,0.013297254628714526,0.0037138401005811627,0.009771325585730217,0.004466062898009474,0.0013277199786168171,0.013292537407853994,0.009377620145206886,0.009699210648858946,0.003802391268644497,0.0058149185538891104,0.004102637691354643,0.006092025857666363,0.002305766214285056,0.006139176364917419,0.010346201298810614,0.006181682293590779,0.00206674585365923,0.0025343910130932643,Afro-ecuadorians
0.31830988618380307,0.0014495277890778694,0.0190576572105049,0.009473985271377177,0.0038916515577685426,0.0003326711942696188,0.010415977577089185,0.007562086059494092,0.003815473203243644,0.0036818653935930725,0.0019432012847607559,0.0015539888215732893,0.01702241067812767,0.0039217139493974065,0.0059686109222761114,0.0035920294416735147,0.005960829944652854,0.0035829667338016773,0.00404807381704145,0.0033714079397603267,0.0011144130038685423,0.0034922134360745654,0.004521565811555943,0.002856094395548143,0.002028069119064595,Afro-ecuadorians
0.31830988618379735,0.0048121937810797905,0.033563550001675185,0.01180632625379023,0.012835240507607534,0.0024137513534628896,0.022112853575884092,0.015040332190018659,0.007443338921825915,0.013669287657099318,0.005545446797040478,0.004910663006245015,0.020557248009740667,0.0054443902992937256,0.009792956881344118,0.005284125611797536,0.006140492430760778,0.0034703653779692635,0.008329458613188803,0.0029758611799470137,0.004165705157982416,0.0026248818253998495,0.0019148170322442208,0.007324878320679007,0.0016961223401040968,Afro-ecuadorians
0.31830988618376965,0.007259937130957439,0.020118590344766873,0.020602449949710288,0.010251430330407797,0.003441552346196081,0.0016969747979998608,0.015669266793332873,0.00877307694754368,0.00537799755213763,0.007332446856084234,0.0061767539389984945,0.012936254531760094,0.002275730239873449,0.00590263603527471,0.006101298943848972,0.002621337449769879,0.019390119339123938,0.0057123584010394845,0.0061869551386907525,0.0043013886069835205,0.001574672423964851,0.008360588404647144,0.005503867811772357,0.0056555819083487615,Afro-ecuadorians
0.31830988618378064,0.004163474445838584,0.018407189664884895,0.013242266575225708,0.0006469794166164806,0.0036994068137220673,0.009429829850813806,0.0069931282540283074,0.008159238926234597,0.0032381808692422366,0.0021576185020848533,0.004347796317519243,0.01475748282539049,0.007824296990220855,0.007375147639774403,0.0070270231402840885,0.005743772098864061,0.016031838589728523,0.007198027404726147,0.0025132482741520275,0.009508160521417357,0.0045594908132754195,0.009641209866233591,0.0036636588675583504,0.0022531201779507153,Afro-ecuadorians
0.31830988618378725,0.006894754338710724,0.03132080230047483,0.017782470538654862,0.011606321790635102,0.01282400061438171,0.002421181638100377,0.004534118767242236,0.005573074558410955,0.0054575666446981,0.006371706141118046,0.011030554027022804,0.005233189509554211,0.013317640802790385,0.005868370324720126,0.0009510486962853373,0.015915547280840797,0.008452181806571672,0.004385196999246339,0.011886176619453882,0.015509600513540158,0.006077523741409128,0.019989624143203714,0.0012453296800570713,0.003202239602033679,Afro-ecuadorians
0.31830988618378486,0.0028317140916403957,0.03012375611358988,0.008603966958664862,0.006239282473651626,0.0038758032301973145,0.010191649680590492,0.010340529763856559,0.003695801148068827,0.001126259551233699,0.0036699424597960027,0.0025223073016393447,0.010889214357313024,0.0037660075309708294,0.0027934241009562274,0.0016545967200785655,0.005876548246409681,0.004836669826304595,0.001148202151053789,0.002980621057379055,0.0001585168895849671,0.009757521195953465,0.0030765950084400864,0.004488993011247278,0.004444416266445068,Afro-ecuadorians
0.31830988618378014,0.0008465071764693109,0.02719468894649751,0.010873317205019746,0.002634718201059306,0.001308905594688193,0.018188891634855212,0.0076138755487046034,0.005467802011336888,0.0024919538338737035,0.00101252782985889,0.003549972188011957,0.019238741520125856,0.006742547109012351,0.006436308759031366,0.0043453485297861895,0.00352352298163378,0.002722141115941123,0.0007308276580362024,0.003045395401708938,0.0027308410838393893,0.0024715258414799318,0.003977790202880288,0.0007171759764922376,0.0033573565504046205,Afro-ecuadorians
0.3183098861837734,0.004663995787941803,0.019797894698594855,0.010823777539779355,0.00429082789088729,0.005103866741876069,0.008334383947606787,0.012159292859383889,0.005187413954826099,0.005433228521936022,0.004076242739532334,0.006255462930170751,0.007119955038501095,0.006151352987563884,0.005433645744802035,0.0032046427969826077,0.007745927178066672,0.010845008422204943,0.0040839801341771825,0.007761551898346322,0.009786426339128252,0.00867488058818679,0.007436805947822748,0.0034399761346653357,0.006565711719077853,European descendants
0.31830988618377315,0.0008893732678352552,0.01953694859729047,0.004558688789246474,0.0013058202154653195,0.0006358902410672106,0.011905898718876219,0.005557623101795334,0.002470907211278074,0.0029053346450338617,0.00231781652222907,0.0009890560088967645,0.01135258724025829,0.006567507801743446,0.0015743398582299408,0.0038860650101537574,0.009775383945964123,0.0018745799664022047,0.0021336541447179317,0.0052092112118430015,0.006907866475363696,0.008008768496801436,0.006405069562806985,0.0024291475369828145,0.006012709339664375,European descendants
0.3183098861837957,0.003952424360278947,0.016820699082321092,0.010093399950642375,0.006378119660805847,0.0029040075306393342,0.007910811838915675,0.0016516621388037627,0.0029521627209906265,0.0031218817720900342,0.0037462554107614765,0.0035301974047985195,0.018932666937300776,0.006640345403258722,0.0039210057006323715,0.0022759737476447934,0.004057562096275326,0.004886571591128418,0.008418777292192162,0.005014383461338888,0.003455749903739587,0.004880523298709273,0.002973576542917177,0.002283017025327109,0.004188315232122497,European descendants
0.31830988618378286,0.0033787491854145872,0.0214720075428175,0.009304100472694466,0.009861456703751468,0.002660646324999501,0.017705325294861258,0.007875418904099481,0.0032578535080253395,0.008905270090282733,0.0032110875805461247,0.0038396835718492463,0.017617315639093592,0.0005198176752544258,0.006908693690125657,0.0028614126353376664,0.0069229362287069225,0.005359819209810974,0.0026947342229335846,0.00826548915130361,0.004123702629074956,0.0063348485769591425,0.0063199563691236655,0.004746723700537089,0.006907657923109331,European descendants
0.3183098861837912,0.0022634341723406235,0.027056901446810135,0.010626372041216334,0.008266561656908564,0.0010591499539377737,0.009278330694922718,0.015028711423823136,0.004124477750139977,0.0011406235377990326,0.0025682605908016877,0.0031402577507895603,0.01580066451888977,0.0040896324205823955,0.009977604631424457,0.0006962321499817079,0.0037499776645239817,0.004244022772550151,0.0024147612605356864,0.0018843803794042367,0.0027194276111382133,0.004170672088911305,0.0008541576372763684,0.0063841532643259934,0.0074423347988302945,European descendants
0.31830988618379996,0.005627905925251245,0.026338415844554375,0.01884560000510463,0.001434329681081271,0.0010685084009020372,0.013288859554812835,0.014170941831422385,0.010063712238146193,0.004285499316893119,0.007062397041306433,0.0026662500073067444,0.019407804846883675,0.005923572338521012,0.007428832057284161,0.0070222541014361,0.006011242923368998,0.005000429464051184,0.006654011693102395,0.003767276677938583,0.007098349574897596,0.01015281416700012,0.0016653346090268052,0.0022722509229578278,0.005661398185817275,European descendants
0.3183098861838049,0.0008527070264096542,0.024684834860450172,0.017568567974334693,0.013583507473404052,0.0046587514661983525,0.011745799804972352,0.014169393165723316,0.009004978819092051,0.003724179665983588,0.005000181175496311,0.0027314322590842937,0.012486262545325293,0.0040537127379859554,0.014199914404433061,0.006253126081435088,0.006507300647154861,0.003995865387542309,0.0037268737875261046,0.003192142089756696,0.00237200228738686,0.00929612069292694,0.007231662750295677,0.00908864359034313,0.007640083713854026,European descendants
0.31830988618380435,0.0031592422813731674,0.021661667173251277,0.01670911579780509,0.008262603153428518,0.004632020094922062,0.014895038520675682,0.008514453636554514,0.012671775140708602,0.005345603497198037,0.0027898156977863905,0.0028113409730942426,0.022360038164766283,0.0022260540367002564,0.004107721388966953,0.007484753817199645,0.005951795093548279,0.005914662680460373,0.007453659381446394,0.005724038453212356,0.0038620579880658304,0.006629442958842576,0.005109924138224358,0.002706211163182978,0.005151107533041728,European descendants
0.3183098861837813,0.0012502676470874062,0.020973712170703016,0.013474149818389859,0.003968794604296851,0.0010765489802820978,0.004324606916867095,0.01629549444173117,0.006056463965862841,0.006954234166063334,0.0040690854388137155,0.001826319055352324,0.013826732906900039,0.0033534236891188712,0.009142470728485761,0.002547668066099548,0.004186859357921711,0.006112739089841511,0.005884371224195762,0.002446557105775176,0.0057749046127466295,0.005963177687794016,0.004541703065273615,0.001834120623514127,0.005779060016231325,European descendants
0.31830988618378225,0.002805127710115683,0.020340362627072187,0.011972791021287189,0.00653065325343985,0.0033161484261366534,0.014581876936412086,0.007858338891513682,0.0026502130634643594,0.0038767602217337797,0.001956942967748136,0.007905129235684424,0.01701643596900195,0.005398830320380864,0.005171052992200237,0.0011452990503388269,0.006041921480961318,0.004338163481317479,0.002093907485696426,0.007799799836237971,0.0016297712443273896,0.0009107334531879535,0.0021352468951587058,0.0006537670676949687,0.0034066183020242443,European descendants
0.3183098861838124,0.0012155019069568604,0.02158017530622987,0.018081519577022212,0.0012555131909255295,0.007496638046225738,0.014986337969684725,0.01540619728418833,0.006604229062438491,0.004895570538719092,0.002642704363687349,0.010429002043349558,0.02125329077990995,0.01149149776327313,0.01090589913915319,0.0025340515738646275,0.010253582617254644,0.006335556575274125,0.0062213294008365404,0.006927086571358397,0.000446248938404269,0.014390218459161308,0.0017860385083445403,0.0058783529830047435,0.001688985454143138,European descendants
0.3183098861838001,0.00446672792126783,0.01952724460690565,0.019556430360691855,0.0022472548949892136,0.008413998568624225,0.0036590842175787588,0.009488298335377642,0.010575013819180388,0.004312785586756361,0.005611671575837552,0.005230469838426184,0.005974206946835296,0.010018549586526546,0.0043359839089060935,0.00527069051099707,0.004080453933411541,0.009057297292229365,0.014362667474723133,0.00859304995449544,0.005059529011484189,0.015111551440217865,0.0076781869935278494,0.005377574246868777,0.0046346445469470235,European descendants
0.318309886183767,0.002853850624922063,0.028225876996915814,0.012451035627437391,0.009764497008491451,0.0020665980081836875,0.013746718945249536,0.01293693612109475,0.004113158929519081,0.006174558984798834,0.003313262192838526,0.002982050074458035,0.014377348452261164,0.00817428692852088,0.007936216313488861,0.002896582018955198,0.006925772454795434,0.0037187007142080223,0.003604570863186662,0.0010442697202049974,0.009428044667648296,0.004008299374755046,0.0034020538689303924,0.0007574380716859243,0.005512375191606959,European descendants
0.31830988618377626,0.004839833160781195,0.03006637943988931,0.011945008464560394,0.008865708669020957,0.005216672850899134,0.008913476113514443,0.012368798293090915,0.00600439217618172,0.005533450118549006,0.004996818929704853,0.0019999569515603863,0.002665203227629729,0.007767064549362849,0.003179319605561077,0.005093164541226377,0.004798652032127503,0.004120653952566185,0.007110103508643466,0.003377181024985906,0.009375458359030298,0.00442386504442098,0.005053715176244331,0.0019039335807433085,0.0065993618555651515,European descendants
0.3183098861837722,0.001443656109132729,0.022206781541368226,0.01209955922852433,0.003846505971395504,0.002954159501802768,0.006214869388207547,0.018448357202883178,0.00556910131703084,0.00825403327700315,0.0027865987789536203,0.004020198794127568,0.010125421950153299,0.006991509866018519,0.014915712482957267,0.001755943569733224,0.0067616610117221835,0.004584883823033485,0.0026125012494695407,0.0026276631988715964,0.006330799363843983,0.007305532394163884,0.0015905138352717164,0.00947229002686818,0.003922908363734087,European descendants
0.3183098861837721,0.008634676914063227,0.021825425057395955,0.02240384215668908,0.0034496758868532685,0.008640763124654836,0.016742840609555373,0.013428298039103661,0.014084096938126777,0.0035042514889986375,0.0047233673763993215,0.007794826722435502,0.012581323409790802,0.006225363333698593,0.015247779506693026,0.013421935628382894,0.004831257241594189,0.0063436111249211965,0.0006673064149113997,0.008131625904812836,0.005519790782742446,0.0048410443577640225,0.0017944353727257143,0.006453554604229755,0.012976538781558479,European descendants
0.31830988618379413,0.0016278605023255595,0.03286450861937497,0.022415462185609015,0.008317400528268152,0.0033804582062335964,0.01016137304536357,0.021465129545409262,0.011470461090922151,0.0033151450385490466,0.001603815561809726,0.0012708511075921628,0.008398567941933322,0.00567485688473142,0.016517899320553933,0.00874639553101618,0.005744411274228507,0.010012105455530657,0.007396002951839754,0.0046170618464687245,0.0024784407318936804,0.012424199260876363,0.006276821653709881,0.004625676486759734,0.0045639346143231735,European descendants
0.31830988618377126,0.001867714723034608,0.025471561419796732,0.013817967176812168,0.010339225118320828,0.003656865982104483,0.011183658812825237,0.016130081301530565,0.006166912763459648,0.00030435864996546504,0.002516626223811743,0.004276678613719884,0.0116790980845897,0.007335532600947675,0.009056487451016948,0.0024234754005250233,0.00508665993988393,0.000636344011479116,0.003950483483197033,0.006104615177226067,0.0019744508900635684,0.0030905016878796706,0.002661092901333559,0.004276432513500273,0.005854962123863444,European descendants
0.3183098861837679,0.0022634037443005303,0.024282351022677902,0.0113226015866439,0.004940068611065969,0.0011878550205284503,0.010668806881050139,0.008302753952342415,0.006063042385608695,0.006682859074031201,0.0023760776466281008,0.002016784214296468,0.013794744932859718,0.0017478169685202739,0.007350163134584662,0.006166493941169954,0.007625546040608354,0.00721200313692073,0.002125705645571151,0.0020120525742590204,0.00016872920783137286,0.009189644932929668,0.0059350342378858495,0.003935582154061363,0.005644779467669741,European descendants
0.31830988618380784,0.0057623930420173785,0.022422976021681078,0.014597229064738468,0.001278281008009657,0.0037994220096283847,0.0048547254355304405,0.011565631670744578,0.008167557625607353,0.008402105254988577,0.003712460529596496,0.004937609411040235,0.007264023165990315,0.0023986650546992754,0.004934415956719548,0.006035375471608658,0.0026700861724452928,0.014407046008337757,0.0030588245151703273,0.005057264578297732,0.018266629678804294,0.003616895404694622,0.0051510606895210885,0.002164053317373382,0.0042129834887526495,European descendants
0.31830988618378125,0.003429589989817017,0.02211291632553995,0.014776703853986222,0.009652546200178644,0.004163327848413071,0.007520268587655678,0.01167928345878971,0.010446193702767781,0.008331070551705741,0.0017322030718050555,0.003335284030352061,0.009388643075837427,0.004080390403696559,0.011642657765091713,0.009011453814925068,0.008603686651691922,0.0039763853601700915,0.0037719435710710006,0.0033575843202817775,0.011839309649958408,0.0066710471939695854,0.0010439782893663827,0.006321434732659008,0.0017664601503280814,European descendants
0.3183098861837772,0.002054353703350005,0.023698291667627096,0.011421037542241878,0.0053565639730821695,0.00046546853051791917,0.01130564152723722,0.009478093511815718,0.005756318090437145,0.005072021430716148,0.0020531151821681455,0.0013401507688956362,0.0117403353053667,0.007422669854737197,0.005033856067142984,0.0051029386747025425,0.006500497930173524,0.001214964697803308,0.003830062999867674,0.004335383387751471,0.0018437732186561875,0.005178002397180624,0.002068447243124101,0.002616802994567398,0.0034105147041084893,European descendants
0.3183098861837958,0.0017912085557024349,0.02620692236977177,0.01831505964378432,0.0026948963894302814,0.002933247942260659,0.01592887492544603,0.012888975619406608,0.013448527482864672,0.004859185134940948,0.0009302874513225751,0.0031449763366806025,0.02590482607085081,0.005621526697255868,0.00547679854124404,0.008103236731992355,0.004335976240458614,0.006898703386298036,0.006262463754262454,0.006225869642716325,0.0028353240744628688,0.008186766996915942,0.005904950028185938,0.003932794288606683,0.001228188227813029,European descendants
0.3183098861837997,0.008075937095106506,0.02105290691233561,0.023823784646909322,0.00934161292769773,0.008175401095930686,0.00022790380741624156,0.015996862388545578,0.011647652403345027,0.005989024409625642,0.0010153980478445036,0.005689790250516866,0.0019565774221099886,0.007616609838947653,0.008405710956044497,0.006711267011150563,0.012953476387115106,0.015208407767076458,0.0036602544133114805,0.008410101231364518,0.014787976767679003,0.0069629327958708655,0.015318874694304258,0.0036967810613687565,0.0010387249517266673,European descendants
0.3183098861837926,0.005305720142152843,0.02464290330253871,0.022661546253594206,0.00297388433093571,0.0019492738698014976,0.011816656815381585,0.014133112246753394,0.010121069806258712,0.008516978794232142,0.0056077936415950954,0.002912305355682542,0.01852637772526963,0.0028874907301774306,0.01038135221857831,0.0034758426810437403,0.00565096228713955,0.0008968003096402733,0.004090407120758017,0.005820796989515639,0.001286466031991448,0.00625518787065802,0.012401197949558006,0.004754804114596005,0.006112734546720887,European descendants
0.3183098861838055,0.0031090248570973715,0.01599850005184042,0.009536984494977165,0.0019148491292622217,0.005113029195745006,0.008702895624187417,0.0028980411962149003,0.0050471256668614675,0.003472573372085808,0.0032867512175111823,0.006517516264251466,0.008518067868187987,0.004915645713832227,0.0022719173520995214,0.0038210621078979975,0.007355661430977876,0.005133879395016272,0.004638009019170824,0.004774022169285687,0.0044365378977185895,0.004169033435755732,0.0073955860984101845,0.006273172688949103,0.004425251858330563,European descendants
0.3183098861837793,0.0005832959963340785,0.025566443717619104,0.017909182872270654,0.0035887699902374367,0.0010378787195926165,0.009476620358699468,0.01041530860322751,0.012230678164426596,0.007459326202510932,0.004030030491065396,0.001060384777849512,0.024080870725920647,0.0059845632324035765,0.011093757938968668,0.007962777523339171,0.006663242427780254,0.0101374606565126,0.005661233015939958,0.00038088990731095134,0.011783280228308619,0.00500687297838995,0.002849135109994112,0.0021064057845935867,0.003404026283663808,European descendants
0.3183098861837931,0.0022042747860521656,0.019591445255636913,0.008833923128109029,0.006737008804292169,0.0034957057127084057,0.011705753634708618,0.004334249432754355,0.004033464430367031,0.004301632930820939,0.0006284290649047334,0.0018558754907142371,0.008571854518710497,0.0019156499199206136,0.004953982417786563,0.0030439186164972465,0.005626294865032282,0.005261277951793082,0.0006696519269624856,0.0031786696468668264,0.007560970523804558,0.00893688290405013,0.005845849902748393,0.0025487298952516393,0.004076427241060028,European descendants
0.3183098861837743,0.004718574600739473,0.022272479450827918,0.014223587668221436,0.0011527996343546464,0.000372633460066259,0.017627231691286056,0.009020366897777524,0.008449596839826212,0.007723771249248239,0.006136728209886623,0.002358578176906049,0.013484378224673585,0.005793161970631092,0.0031342769756894677,0.004698989780007907,0.0010218279645880838,0.0033046292258249563,0.0002774287464674967,0.0005930657121785564,0.004828501302422604,0.006174539611461505,0.003173757375731153,0.002858347960353745,0.0007030582646879196,European descendants
0.31830988618377865,0.0014404530259299905,0.010752103150195886,0.011626786678322011,0.007728135134328263,0.0014293092478588,0.01227999261943921,0.0014254883728021632,0.0074401592912282325,0.0009332036424981377,0.0016423749156372694,0.0014035472708221438,0.013877926485779271,0.0018357333973346237,0.0019488424557369734,0.007530423932795561,0.008246682087980206,0.004289714249033052,0.0026427193403783713,0.0058896526197794756,0.0004266487464818544,0.0017209633973317355,0.004240114257526383,0.005364205391598445,0.0009133360088045166,European descendants
0.31830988618378003,0.0019010433567749668,0.0196378127788574,0.007725125896084789,0.0039389108778818205,0.00044546712057781565,0.008517009231480108,0.009582759793310192,0.0039806547221394265,0.002168339345862685,0.002317134763144654,0.0005843098355477666,0.01603614040879251,0.0013369584479482745,0.008912252796058003,0.004207902977448816,0.004646209996367698,0.002946259336997652,0.0015444587670435691,0.004300693511060403,0.0021885979896378895,0.005515133653965322,0.0026833617773869656,0.0037709294483579633,0.004199982330008381,European descendants
0.3183098861838025,0.0008653699342127467,0.019553697492900354,0.007497304578876583,0.0026489253580684615,0.0006942829507885686,0.007735733091581898,0.008098658214523177,0.0024834343447522793,0.0020161004052450045,0.0028645928307893752,0.001813053015387146,0.016135274879865887,0.001515192406593198,0.0044289596981983035,0.0006080503228063489,0.0015305838286357057,0.0058042258789927515,0.0019395956958617882,0.002917764992291796,0.0005862433719406442,0.002434392523887362,0.004264849583849251,0.0024114458442738096,0.005553124145661782,European descendants
0.31830988618379663,0.0019041113315450768,0.022567829052357394,0.009879322386386216,0.0001551064076523759,0.006566130196867627,0.006732685031360555,0.011104057934487842,0.0019067594095128826,0.006660464891817171,0.00045278891862096757,0.008406223485002046,0.014056044953994215,0.0021416494690017886,0.003672753927936427,0.0020175692959794682,0.00199190372193911,0.0051112702777828724,0.004775529541025539,0.004332856397785627,0.004305153759080459,0.0037940550058789668,0.0023610991883280964,0.0010155590990201975,0.0030865975837780545,European descendants
0.3183098861838058,0.005476130206536702,0.026545887021598158,0.016485503689543445,0.0017232101743252057,0.0009570720673345975,0.013947020925978567,0.012667642096055354,0.010945251281052268,0.0031506096050520375,0.01050613283248067,0.0021429855878091573,0.013569963363076896,0.0028280192441119613,0.008845741288789191,0.005829278833759267,0.01440709468768332,0.0059102266589145525,0.0016362214196972672,0.0018464569275611009,0.008915060519876993,0.002497482031707967,0.0017026692144239775,0.003203100567176475,0.00231407955762954,European descendants
0.31830988618379047,0.0033059511304053975,0.020281952063946576,0.006647060984922008,0.004806827866771932,0.0017294451513608013,0.010216309185832814,0.006599959915170694,0.002321342811056786,0.0018532778187427053,0.0035118359346238155,0.0004371988878797515,0.014609276916672052,0.004568682454312767,0.007017324190844028,0.0023110314238624255,0.006376142576972945,0.006088485705974114,0.0035955231351897875,0.003572874114047714,0.000833869879828325,0.0072168185706169615,0.004440994639904396,0.002987185849369566,0.0035373425730935073,European descendants
0.3183098861837913,0.0005788549462607867,0.02180181040042599,0.011659762495637993,0.006663454895863179,0.0031428988984718216,0.005312775506187903,0.008763333477009562,0.005774477760794255,0.009662825352422976,0.001332750359338327,0.004751612840247419,0.017094805869345902,0.003273957814969912,0.008176765438543305,0.0034318134884442427,0.012189883305050971,0.01299733239600147,0.0025944065001563855,0.004374914284578675,0.006761647640248119,0.00533950374466907,0.008816198426524964,0.00573374359190714,0.005918810230382286,European descendants
0.31830988618377604,0.007333178053965414,0.021093578288213212,0.011696780324019763,0.010070264958914284,0.0016335383077338385,0.004564070968985103,0.014231261260621271,0.0047502961134288256,0.0008372458213367021,0.009401744974356703,0.00017054947421803635,0.005707012921952969,0.004890950912310419,0.006635188524164789,0.0035766712551060513,0.0027674116867136113,0.014169609369193256,0.0038379046197769794,0.000539716418038861,0.0007088434089308177,0.0018390958219955842,0.006850837408753793,0.0031780344914099936,0.0013078746830150862,European descendants
0.31830988618380757,0.0036885919890038165,0.012508524646551113,0.013902468564954062,0.009126580223573157,0.003866376074209331,0.004508887214208657,0.005144367967862595,0.00205753370274836,0.0013031840634068269,0.007310674612832441,0.0044767429880543394,0.005325032017703008,0.0006130396034933818,0.0021013605622482996,0.002584906327961912,0.005430570342020556,0.004392154226577287,0.007533881139124949,0.0008825971313738667,0.003103167224927905,0.013530253276191168,0.004617403606487632,0.000828421743385557,0.005106381960319072,European descendants
0.3183098861837829,0.0007539006260096691,0.021947156433731012,0.010533177176498591,0.0012797930118455024,0.0011727198419903932,0.0031957640931612845,0.014268738246728172,0.0033632093416445163,0.012506178896128123,0.0037028614159111514,0.0009509100477223142,0.010180595591881184,0.0012372534445773038,0.004469421292038028,0.0023563284448409787,0.005297285730705835,0.010202949090224312,0.002682781998581246,0.0008298186070282044,0.0038481992973696502,0.0032545602134737847,0.002253794651166008,0.0038469044379760434,0.007333032723803132,European descendants
0.31830988618380357,0.0014319133062619116,0.02175514740689909,0.01009038297284344,0.003666951570060545,0.0006853337052409478,0.008071579513983601,0.011608787708191614,0.004123526893663485,0.00697332503185094,0.006539929064852976,0.0012005329698236875,0.014453875127955318,0.002061239916591881,0.0068582843711592146,0.0019045005907992742,0.006323491061138623,0.0076549609600890835,0.005731031219431605,0.00348652048824622,0.0006196719723623826,0.003203262216497222,0.004907818696464586,0.002879096386643498,0.0056511234124412444,European descendants
0.31830988618378225,0.004673941998599524,0.019315410756081754,0.011137636791993838,0.004828939864475481,0.003365467870785302,0.003923679063731918,0.01231470908639207,0.005265538794304214,0.003380667124625497,0.009072126361829082,0.002328962162320524,0.014981536128441685,0.0033478310739873418,0.006260154868914217,0.003710664597653994,0.004628887853840946,0.007425958461041241,0.008917644593657847,0.0028901029152808874,0.0019336393909745349,0.002457366164130607,0.005678446076810955,0.003457163134064577,0.0035887503775246625,European descendants
0.3183098861837878,0.0010538406347798898,0.018346938446600087,0.003959620795162623,0.005774594171361229,0.00022192554687179504,0.006658376078159234,0.005406882668297483,0.00011235935417735281,0.0031143289321368477,0.0016664179385766185,0.0007263324692559102,0.017375089242010082,0.0032302710138866703,0.0037333385887442106,0.0009383994629556267,0.0026505379379534984,0.003235079126694566,0.0003319784812402757,0.0012143938965651915,0.007925970321985935,0.002801536097602863,0.0036125875794682533,0.0005788680224715573,0.006571509273322836,European descendants
0.31830988618381273,0.0036480265541307478,0.026619839435957603,0.015086058610416243,0.0035137685612229397,0.0018146876671214839,0.01840692609170168,0.008724271711360358,0.0065858916250573175,0.003271972331446288,0.00418389298841658,0.003083466348828639,0.022268323545178572,0.006459279150038663,0.00849068792025014,0.004774614961610299,0.008825255725556511,0.003522055857701528,0.0024801759449138783,0.0030180993826113547,0.0021964967528323768,0.0043736308448453585,0.0031573784714717234,0.004022308863872678,0.005002727923930102,European descendants
0.3183098861837723,0.000434563403536759,0.03632777321239414,0.01406492658025411,0.009588897592637194,0.0037387677793187303,0.009779030984087198,0.010286107737210282,0.007450517469582154,0.00362403203068757,0.004620500634655394,0.006198360098362263,0.006668528108142911,0.0037545621430263468,0.005731030824948284,0.005558344216092293,0.0030779962920159543,0.004566477253241466,0.002316726399069031,0.0068619804507906584,0.015919703530682672,0.015026086951978001,0.009355732287272047,0.0008517623253323881,0.003075871433734869,European descendants
0.31830988618379036,0.001320289598819878,0.028491786602584075,0.015802963603080467,0.0048784937512360805,0.0006353427926368723,0.007806284271844341,0.01357754318226656,0.008186000172387502,0.0005920533684030087,0.0037510722687370698,0.0023058857029259884,0.019024668772322013,0.0010406232306097302,0.010482018747953624,0.0051424258747868636,0.0068847561122850716,0.009948632819896467,0.006520197033939375,0.002368496442589096,0.013579939689283966,0.001969790905127525,0.004646262424614934,0.0034035558885843766,0.0039266955727558905,European descendants
0.3183098861837868,0.004651954570359466,0.029304147455528007,0.010721329169060878,0.0032912028826087925,0.00173201335527267,0.008016991885827407,0.010958089244952481,0.0044040034419414505,0.002804190800102668,0.0062597843302216235,0.0034712595526823395,0.010733619268144083,0.003498130194799491,0.0022422598727837566,0.0017939982545251154,0.0036937328661422646,0.01234128542765141,0.0069802389590947565,0.0007429246359755746,0.010541867257727369,0.005171624364906809,0.008515857960591225,0.0021393512572074587,0.005958843698707418,European descendants
0.3183098861838,0.005421171112390183,0.03167314273962734,0.02111280071426724,0.0024534372517897294,0.0019543225767475487,0.019590042121545657,0.015472047095888968,0.010264254900651937,0.007002351622208218,0.010123287964691759,0.0007039500207890844,0.013827430282831822,0.005897199389876481,0.012083241745720908,0.006738166018990695,0.0016318560948213124,0.008034509201156325,0.008501461555549008,0.0027337746838562924,0.004766433090850248,0.006995725831909809,0.0045147132839176716,0.0029795207129635014,0.006840690662625536,European descendants
0.31830988618377987,0.0012325614875893173,0.025562473063778176,0.014624481314588681,0.0023599954087272436,0.000192357131519626,0.011738380309281848,0.011016678693381753,0.006938310764490905,0.00459060851309636,0.0047573198368096705,0.0024989973571921693,0.008706632910676337,0.0045419581804957,0.006279095429980444,0.005465536774235198,0.007739177821229767,0.010463830470743942,0.003898089401021414,0.006327148170962421,0.005294528960353317,0.005508450953753883,0.007175762499822436,0.004319588979550259,0.0024225209659782506,European descendants
0.3183098861837962,0.0055359596257876596,0.023224380662327918,0.021031835055685417,0.006340272106956672,0.004011140175786133,0.00995857519234149,0.012684182790158547,0.013851379419475915,0.01323315443255038,0.009415320290768693,0.0011478336544812901,0.023654495707616362,0.0073533568967561,0.009360251123099989,0.007743800521905602,0.00646619028221521,0.013198250597470911,0.008156012768244549,0.006392470550516917,0.005888830618003334,0.001508498619097411,0.005451679069091096,0.0062799491577340385,0.00382378200552425,European descendants
0.31830988618378186,0.0015209203891898017,0.015869186710039895,0.008313171197710394,0.006482758037088303,0.0011108224973049533,0.005891546268947057,0.004760716187087333,0.0037130988274065558,0.007711431709696144,0.0044990427618920555,0.0027404580716325457,0.009839358762862184,0.00213805802677536,0.00498111039755576,0.0011824606829259536,0.0024866030899762703,0.005794145979419493,0.0058779715330101985,0.004239982662462045,0.004107420152998492,0.0054011432482158625,0.0038590301096184144,0.0018771846411644642,0.0027576702155382247,European descendants
0.31830988618377654,0.004484045509698075,0.016401087497362233,0.011097541168893336,0.0012483442351978694,0.0007257482911407937,0.01088331647315026,0.005816540176104174,0.007772333668817518,0.002337204601209714,0.006591104978883381,0.0043908489313768265,0.018778432768543157,0.003672577300390683,0.003020335943469794,0.004596546613393415,0.001759627020540633,0.0050238000195498385,0.0009751146956987584,0.004565672808272746,0.005962442673326625,0.0025281538039864334,0.002418500060732441,0.0012492076852183307,0.0010060953829324317,Indigenous
0.3183098861837882,0.003637268427773799,0.027382532560603485,0.017476429699433655,0.006561925480873389,0.005746163911490264,0.009941647392617159,0.01464478415951901,0.012717573219161596,0.005186606474442148,0.004091313644514968,0.0031898380255003297,0.015227220463331779,0.005448606488471372,0.009346799439621353,0.006755571144830875,0.003633037089457121,0.007339316413914969,0.007276618251845586,0.00594515042808479,0.010277765614029865,0.0039090929444677595,0.002837116714268663,0.0038890221769469473,0.003450141103019386,Indigenous
0.3183098861837837,0.0022235393048429335,0.02099747120071346,0.0167718793086124,0.004961824627567975,0.001770608515338419,0.01236722598255738,0.010969892138991485,0.009905635084090515,0.004884143329375107,0.004531156176844756,0.004918589239520233,0.020957900548081845,0.005191298834279481,0.008369492181336334,0.007776591574465333,0.0074875212931554665,0.004639506059528945,0.0031751421628008194,0.007625681707769487,0.0070479259495487495,0.006297332871254239,0.00898269497167746,0.0031148265627796634,0.003461268910190032,Indigenous
0.3183098861838032,0.005917232971653852,0.02301708950605773,0.01708125239069644,0.0013666263063638938,0.004016852886039794,0.011506585353405974,0.01207998842356474,0.010356952606857312,0.0036890380324663156,0.0033493662343336327,0.007110293538750591,0.014777144441233523,0.004071285187460041,0.009083595173428303,0.0066037305283049704,0.005477801561637753,0.013438216203799253,0.002369023483688828,0.004686898405218747,0.0033788781600659528,0.007806518630912962,0.00365564572519101,0.00348134550433663,0.0041553337467303605,Indigenous
0.31830988618377964,0.001222886746950487,0.03113755556756394,0.01771978566975106,0.011219485427963416,0.004519679055881112,0.010912687623765717,0.017080336893093788,0.004193339333381573,0.003066133399102199,0.008169076232094313,0.0067227614545728115,0.011159166893741256,0.0008611693911168374,0.01262445422970525,0.0023894404726142117,0.005154438988824273,0.007099314827594248,0.008907915195212677,0.004794748837173819,0.008570816505266558,0.009921996605995836,0.0022076020805807473,0.005031054228656439,0.0041665819996662065,Indigenous
0.31830988618377365,0.008982588355709427,0.02077661032832364,0.02031304017397479,0.009816400347364248,0.009008884968364087,0.004949733417060657,0.01860896654836562,0.01165892419225274,0.00636466715473922,0.011537264689183141,0.0060795662086833005,0.015303721373722759,0.003751695793755751,0.015239225993673729,0.006086836305549232,0.007146003789095652,0.009071681195728919,0.01668661714431365,0.00916191215404554,0.0028280184252220024,0.0035259396740682826,0.009960030006554856,0.015311545830738208,0.005119501351320308,Indigenous
0.3183098861837713,0.002266623795639793,0.02366639514894692,0.0111572383050281,0.004108286407936217,0.003652928936503594,0.014276006851128495,0.0070653189186390755,0.006972084297229339,0.0011743639772850741,0.0030352419258637795,0.0015922524814147904,0.012925272377652454,0.0018080709191949952,0.0009156114014410129,0.0035999001144938077,0.00824611208494815,0.001956741603712328,0.006091079360428475,0.00414997732071289,0.007728401733953283,0.0012366565462379989,0.002263077602232599,0.004986457386913779,0.005978326805741103,Indigenous
0.3183098861838025,0.007685344309334586,0.025681702056782812,0.012655726631138583,0.005634182892619593,0.004454872524470614,0.018616837931514318,0.009838670076976638,0.0054317497828703645,0.0048271008192115866,0.007439545709903169,0.0043575947973802315,0.022553856484243916,0.0017549860463803486,0.005159594469009141,0.0039854669338772195,0.005289180693299608,0.012517884469856319,0.005165896338578332,0.0034680560231614304,0.0013205640289395918,0.005231489226884931,0.011153430816519547,0.0017766405679275898,0.005729824573525953,Indigenous
0.31830988618377704,0.0030096466282734805,0.01647242908021874,0.009525998874257806,0.007788373467464232,0.0016109537189868519,0.012214086689742262,0.005271608960684831,0.005045586073146326,0.002440288165796142,0.00014996736603608643,0.0003656682968972366,0.019074987944119826,0.004421929966595709,0.005314850608675295,0.0036542795468230637,0.008052060859619858,0.003982333969990982,0.0009406518771354768,0.004667075564965901,0.0025962877106665656,0.0012591990284132827,0.0011337035376798826,0.0046516095683854465,0.005833782947485216,Indigenous
0.31830988618377837,0.0050255025187620535,0.02163607867229558,0.009743988155936953,0.004857577761831696,0.003868021752789233,0.0025804508493627826,0.004999416950385114,0.002639359507275124,0.0088622365912265,0.005188063918350451,0.003047233528338519,0.0007620239994699033,0.003952715613533536,0.0021708854351885566,0.0039289660100899175,0.011724680654509042,0.00444978940026543,0.011108135972062953,0.0015328918113759562,0.006954082075611945,0.012383837378285788,0.012863610070794293,0.002981228378856345,0.004700538712945633,Indigenous
0.318309886183772,0.001760061101310242,0.013892467658747737,0.00907916137856624,0.0028851882507410455,0.0012306919354678563,0.006619363877565383,0.0045037204641421745,0.004981410848435837,0.005504795759020369,0.00047262939252888534,0.00036419956215026135,0.014018456503486335,0.002723726570461755,0.003776768701329773,0.005040857871908638,0.0047615124215037875,0.0059490929650178855,0.0008233100433705008,0.0025850719624436465,0.0035932889261458085,0.006220970880200803,0.005519245132982101,0.002229221969855497,0.0010751687232911163,Indigenous
0.3183098861838152,0.0014321766185641698,0.024129670164646736,0.010319896468744923,0.005058644658876691,0.0013702853408393617,0.014059859537383075,0.010778772896571063,0.004727657360611195,0.005216478378848804,0.0031479127599882925,0.00025946124676380384,0.014485766697547356,0.004887431560202306,0.008053438124540045,0.0030258183543523344,0.00677760128314069,0.0052390109191102615,0.0033013671172470484,0.0018783424514477026,0.002424070698891543,0.0012770372881896856,0.0008590414810510366,0.002854157670773482,0.002649388843322236,Indigenous
0.318309886183802,0.001752224981621645,0.019159272956239613,0.012450566145528067,0.009162007259351809,0.0029477173771465816,0.011862197201128579,0.004650917418271234,0.007021376048057635,0.0061237159121446,0.005425015523940275,0.002044677317013958,0.013298879800625645,0.004261680569847323,0.006736991734627916,0.007953434119399992,0.001881360138097844,0.0033791552537353418,0.0022283207711871434,0.0035513549101437196,0.0009763319813929668,0.01033455954679844,0.007716889835338454,0.0015284912018815695,0.0037529434031744685,Indigenous
0.31830988618378375,0.0027758323825369333,0.0213280021012245,0.009552093012125026,0.0036474704673474944,0.0011912284848269678,0.008025353338051601,0.011052096890044797,0.004097741103715404,0.0030749043215521554,0.001797474872625069,0.0034626561372134,0.012400476720396255,0.006184590759186203,0.008187922715229907,0.002939593135348736,0.0005111969012704987,0.006124102822908113,0.0033485744619187923,0.0020963482204916085,0.009678418308226211,0.004768974971331995,0.004455406916857628,0.004779641809919823,0.002712557162457403,Indigenous
0.3183098861838083,0.002897499466493902,0.019222321710452402,0.011296810821700295,0.003829441844492636,0.002291851096879466,0.0032093916936317794,0.010899217203263782,0.0032581568498072644,0.008582765628751512,0.0037397975015207342,0.0028076327820963556,0.012937965220253839,0.0010974875995946663,0.00668168528189486,0.0015508166881771587,0.007059660384832838,0.0038509131675367528,0.00228295828894193,0.0028908515991603375,0.0042184912470349814,0.008459048889283281,0.0061154491325228965,0.0019855226804470134,0.004256650416527239,Indigenous
0.3183098861837802,0.0003294857809920358,0.02042472238345802,0.01024659091564408,0.00258697266538987,0.0025629066837033645,0.010828238785971752,0.006409612486208504,0.004934364825275353,0.006617251373884868,0.0030701318095821472,0.0031086217288764377,0.014825117829124428,0.0021478298541153613,0.004676507206214996,0.0034525577149503556,0.0100218554444459,0.00795255571107652,0.0032925347804443465,0.0053816695826005515,0.00817729719615165,0.0014952121932286211,0.006030273854765359,0.0027582670407652007,0.0029801548446419155,Indigenous
0.31830988618380657,0.004112342206557737,0.017035405516839693,0.008345812286119266,0.007129398802368954,0.006666057142561555,0.0019464567394642976,0.00910109764453472,0.005858552264369372,0.009285105929001182,0.00682018892589693,0.012642688808214208,0.0029199310410836597,0.0076888023036509245,0.0032066370420772736,0.0073285989579840605,0.007473805754595095,0.003684409128277819,0.00457006486471203,0.0011310379512116061,0.004871339475812086,0.007727920032241026,0.0041119496916951085,0.006158774536950553,0.003477254940087432,Indigenous
0.318309886183801,0.0002701176750946785,0.019551327052441766,0.011863784346885675,0.008623776813880789,0.0008308348942796153,0.006418925276947345,0.009422549742834331,0.004038757762989772,0.002784569075930293,0.006436463664960594,0.002324073290559211,0.012499177636495514,0.0016217065205671479,0.006454443103566049,0.0040601341488745325,0.004032204267680556,0.004830855608040633,0.009675258837693677,0.0038647730229369867,0.0030648418254886596,0.008054448003596991,0.004109659596934766,0.006005699709464699,0.00499838253137726,Indigenous
0.3183098861838051,0.0032647494317807934,0.02053360359633283,0.017745095381937866,0.00620741277683536,0.002866617716216787,0.00113737090842705,0.016001895935930925,0.00933399456281922,0.004405932786630172,0.002813970737926302,0.006980803119647494,0.013582317855307066,0.006989869322963135,0.009644876455082493,0.0033103624010318985,0.0053074112364771215,0.013400036914515643,0.003169048716924824,0.007273403226086903,0.0032013777929597595,0.001564015960831326,0.0077114968698750504,0.008244936868828196,0.0033897434545154133,Indigenous
0.3183098861837982,0.004977323965820434,0.010860039020457984,0.014717873552189321,0.0006756116441148139,0.004164031167028194,0.0003129681133482837,0.010119702450366762,0.009593784400825357,0.0016241649058348587,0.005050166073936352,0.004342884289338601,0.017659655071079496,0.006160851285117364,0.008786684963088898,0.009277135257573572,0.005182003049735565,0.013603027356596815,0.0051812289114564385,0.00331126547820196,0.002617079151002914,0.0018056345022105396,0.005589051916556621,0.0037567667825521398,0.00279150913181914,Indigenous
0.31830988618381006,0.002337317775736047,0.020351779230135036,0.012938315245125483,0.0035970080443283254,0.003950039178882835,0.0015313546127246479,0.016078015733784836,0.005622578066870851,0.005109339817276991,0.0059006121578329945,0.003076586428790339,0.014818895646663157,0.0033748503280625094,0.012783232510867054,0.003701271967026919,0.0010740554258813287,0.0030206192962168115,0.008155249211831613,0.000628688501529847,0.006747100792143724,0.01000300430589802,0.0040823433615594104,0.006241154031858471,0.004698609896219741,Indigenous
0.31830988618380796,0.004076059674176864,0.02479569310821871,0.006429274872083252,0.000877404413396371,0.0013039737492969022,0.015300688541384395,0.00851206798252048,0.0011731926438730159,0.005238654331613602,0.00305647430848622,0.0034426336217051844,0.007263861659329379,0.010758612544668174,0.0013526421467462196,0.0018546840447184064,0.002777104338738202,0.007904844310224814,0.0030337348424716104,0.0031974177621183525,0.0029156366570269538,0.002887637967257211,0.0007687382480772984,0.00217053620703467,0.007081575761157092,Indigenous
0.31830988618377637,0.00397921905694847,0.03083779411986482,0.020705703348361307,0.004283149598373903,0.004866269291545564,0.013426137947792686,0.01840302003674907,0.010669957790262138,0.00645801375741249,0.003620088590923012,0.004908401820107591,0.020467739368627526,0.0066759146406674364,0.014747720689099672,0.006294203305748194,0.0038201163883463977,0.013176593754204692,0.006855016732686337,0.0009398094954160353,0.0002986690820750396,0.006181258406970834,0.0021904939200901308,0.005445754240549729,0.003320898293896507,Indigenous
0.3183098861838085,0.0030108587498873353,0.028067461472973586,0.008582675969370549,0.005174866587229532,0.00561594817081633,0.005202210128028069,0.010864618799106694,0.001309371811211543,0.0045985524524704705,0.011313835541669799,0.0048495547189579356,0.0016447801861310357,0.0009332118394726998,0.007109014216059927,0.004258042476871942,0.008810087838882147,0.0035995474651573265,0.00705437370509509,0.0024853540155310985,0.009482519202937129,0.004253110261203056,0.009844390137762062,0.005688013433027565,0.0011188729362284855,Indigenous
0.3183098861838067,0.004831092380099568,0.02242451492034133,0.012867568042241402,0.006420484795430606,0.004194879107546717,0.00688805503570967,0.015953082529388395,0.0067917237295817235,0.008089495103216097,0.01050888758063401,0.004208120079879635,0.018138309590124947,0.004641038339416754,0.010620074441196054,0.0015714173305614722,0.008217940563980147,0.0068122200474756275,0.009556337376887039,0.002108965735604194,0.006903511457138835,0.0040946125104118,0.0035116610668257625,0.008507958870473602,0.006814709324695193,Indigenous
0.3183098861837714,0.002695813718136755,0.023850819879097186,0.0068887971213464775,0.004122887994285073,0.001925716557072791,0.016157516996624998,0.005977419162207436,0.0032987866304225967,0.002462467418799395,0.0007705002922632128,0.0011711642475017536,0.011403250441149582,0.004081083396247865,0.0030229724551041233,0.004330602210433097,0.003802193477542944,0.004953524227182436,0.0020278612526002746,0.0036810940047037424,0.0004595042609191265,0.007821158196160626,0.0031800764603751737,0.004721058645089059,0.004904991769046477,Indigenous
0.3183098861837803,0.0037187918929867067,0.025269450572788392,0.009647337518469261,0.006809995749721528,0.007730441222610003,0.0019054671173025384,0.011949826327931148,0.0028650218002931136,0.00815824399992168,0.00967539509834884,0.009886153728889246,0.00021881150069887043,0.004809815198378381,0.002154415445660808,0.006595256380997483,0.002932655168341467,0.010841733943707257,0.009457254492936136,0.0005897733022471122,0.002400931148479388,0.009306366379559066,0.007501364609101624,0.005177729214731975,0.0013706020465472013,Indigenous
0.3183098861838111,0.003066527029213607,0.026471536864521632,0.012538685157653986,0.0035778659242469975,0.0007510429593459084,0.010109377200001806,0.013541464840255658,0.00819856616966478,0.006468976198005123,0.006328668172946621,0.0024768670587272243,0.009795937675957902,0.007732965541273078,0.006308900945980085,0.003666796721531978,0.01138518056662606,0.0107734746709299,0.0018285546166732546,0.0052757958434554815,0.012252988857752329,0.0077697265730423855,0.0026536217033884413,0.0036951809306317324,0.004887649574945883,Indigenous
0.3183098861838031,0.0036794696798120273,0.02934894951396943,0.013628839877867073,0.0026230004225716434,0.00040648103745079245,0.015304490897438277,0.007450186575960771,0.006318824911504189,0.0009423316016829616,0.005463297658531881,0.0019996330513570508,0.016646790094046737,0.005217430156384123,0.004079163267521069,0.004302189588277048,0.0016268429924738298,0.00318353000120675,0.0009700981202515724,0.003330610325448193,0.009234599303897735,0.003913109339302924,0.009139834714252759,0.0018884740375113196,0.003240362205661906,Indigenous
0.3183098861837795,0.0030501479521790648,0.023327397082690056,0.011277741599843813,0.00040585835595237683,0.004093148092372717,0.0009478755400476164,0.008617742718336676,0.0030891165624256462,0.002370563638279735,0.005060459560555824,0.005011035773480568,0.006942238948580568,0.005508058331531295,0.004517851367497433,0.001270832211697172,0.012065988992564464,0.00063071103581431,0.008497443105315151,0.007442087228487886,0.005467698611066745,0.008487354603883808,0.013779448473001821,0.00851573903943361,0.005495305936419604,Indigenous
0.31830988618379846,0.00325246497659085,0.017408575957109866,0.011456831552003015,0.002775685032397013,0.002459087860881251,0.008132457722606646,0.005499948059519722,0.007011722598758926,0.00214870864663471,0.00405335046733039,0.0036860255692176694,0.016366226277660406,0.009013486036886245,0.009460626016464477,0.005423379339310337,0.005309254063322558,0.006831348244833065,0.0059283324273482745,0.0019520339039739056,0.009185774640558874,0.0034484772550233116,0.007032467284194419,0.0062425073563624625,0.0025300940772788245,Indigenous
0.31830988618377953,0.001238957484680542,0.03658439619405207,0.008308058234804325,0.0007165540299642247,0.004100934202636843,0.011551843533647669,0.006220775179429922,0.003480851262741062,0.0070796938080844385,0.01004454082241884,0.003711106561784013,0.009682633771011025,0.010174802158531702,0.0038719923053337517,0.002815899677520837,0.007988287564535306,0.004462350840459031,0.008179254553733244,0.002497414939407185,0.011591255082839261,0.004213211737918307,0.013858498223464428,0.003454753309873856,0.005071711351494673,Indigenous
0.31830988618376777,0.0006745356135691357,0.03689857579304294,0.009473315139100909,0.0038683658557134683,0.0008239751477163818,0.0158085836593285,0.0137728512253124,0.003173309486269224,0.007429755225576178,0.0014571469618896147,0.001770065418227293,0.01914587810564131,0.003607695576425827,0.011165160404728897,0.0018772628548329657,0.007088444296131337,0.01064541083108995,0.0013020957703776556,0.0014257289470750517,0.012149716904614463,0.003485994357612694,0.0028530342326686183,0.004862603051422111,0.005302562758303821,Indigenous
0.3183098861838003,0.0016657789107918318,0.01924916044766449,0.005206793778707326,0.0038749615742247087,0.0030673732087929152,0.009078119157328868,0.004860429913454889,0.0013697135539193898,0.002609330073144087,0.0015969458476349143,0.004681209900228174,0.00844173973288998,0.003782386453259969,0.0015700576966457586,0.0025478431975455604,0.006345069752701163,0.0016093304802295959,0.0021321454716895626,0.0017496477074381625,0.006858433211138884,0.001600766206820666,0.006196605623579732,0.0007671048411095254,0.004678749572067586,Indigenous
0.31830988618380474,0.007316814693991239,0.023710954612337035,0.018115691176018037,0.005078992383006801,0.0026557816877574216,0.005983519331622962,0.017362149389899054,0.011138901146668028,0.0077016971667425264,0.012743527927694152,0.005555909228744053,0.015347313787169291,0.001015451253552317,0.010058517441912516,0.005419280672902479,0.0037080706171269888,0.014872507511803823,0.006058555269293207,0.0022899845214179107,0.0003192364496465165,0.0009309527839680218,0.002036850376335423,0.003399638021604204,0.004845801094659504,Indigenous
0.3183098861837938,0.010094026100470277,0.017575129655840946,0.017679901609954436,0.005222820692313598,0.0070345900763316765,0.008948315938929603,0.008423585667180896,0.010531055567753229,0.01056883114697726,0.007951246276289205,0.0057906631012751356,0.009857608818781324,0.0067765911755961,0.006931584976305408,0.008319972686264126,0.007308912547563615,0.021409213759461743,0.00598950579069193,0.0032691338460461984,0.0018509844305385817,0.002980864539338272,0.01627636134469329,0.001912633441226743,0.006424354044473814,Indigenous
0.31830988618380696,0.010802804271497242,0.012326706865518075,0.005247626763942572,0.008564370642046452,0.004613968955544557,0.010200885491267199,0.00931426512057724,0.008949170551745609,0.0038258296807454685,0.008671318278301835,0.0032604182165222218,0.005490824361024666,0.0024701575279027733,0.010109837705797618,0.007382482226446472,0.003577802270017402,0.0024628777282656817,0.0058329911655542145,0.005302341830274232,0.016015965371900216,0.01226301883063325,0.007390571346571519,0.0011561629968732173,0.01120714589443938,Indigenous
0.31830988618380046,0.007694057252308396,0.02306931701656641,0.012049178356783884,0.007672827406899388,0.0003128338423943479,0.007853057409187418,0.005601436974980811,0.007840147939819289,0.004206372556689293,0.005896661128305138,0.004867009151566003,0.009742067339291538,0.006566507092622464,0.007356501144424652,0.007070537004124965,0.006613870743277818,0.02411153229743701,0.004986581492857412,0.003366969133232488,0.014220707101020526,0.003442438696892117,0.016362607243416386,0.0021034524188665127,0.004577460889482972,Indigenous
0.3183098861837814,0.005339938838641567,0.009645377242810876,0.0034988667487342293,0.009323520067587392,0.0017847416806246377,0.003012866538959701,0.0007192532223762796,0.0036065745324635012,0.0038774706674231316,0.009855378684854943,0.00244744689430484,0.009035893202419487,0.006440990953690066,0.00861531164773262,0.00845423139210234,0.008027763160084073,0.0135330443209429,0.00743162215920836,0.0030979343772858823,0.0037846428054398445,0.008213366686135783,0.01153132994867198,0.0044360641415101335,0.0004157578956904114,Indigenous
0.3183098861837997,0.006828631741720416,0.014264978718406289,0.005719829683224872,0.010659313116361688,0.0036875198263141497,0.004556832821537649,0.008848477720578177,0.003871487101431487,0.0062022435904309494,0.010562996433327306,0.002827733745979699,0.009858930248025498,0.0022289607485156196,0.008190688573276022,0.0066984773526615506,0.0023360281051277632,0.010670840889498635,0.004369240747297372,0.0006070167379681393,0.002752198148527738,0.004335526181621975,0.007947359048653665,0.0037117481339186405,0.003439222852962633,Indigenous
0.3183098861838015,0.004042904591697641,0.011704643451845504,0.007485698432366172,0.007728680305718547,0.004340611614676134,0.0008436739008991145,0.007035982815131718,0.004406153160521886,0.004048162176738964,0.008891445033638107,0.002961085710084292,0.007211186498283638,0.001054606993374015,0.0025203838304152784,0.005658037754413981,0.006602714264469445,0.007917224657128121,0.011153300529143935,0.004753421902923614,0.0069278538751268,0.0032716903477211343,0.004429978204997499,0.003952530135809409,0.001785415675592698,Indigenous
0.31830988618380074,0.006334409131358968,0.011110003246873177,0.004650485611960852,0.008292189242778834,0.002458146124156124,0.0007662865536368702,0.004951945281676984,0.004056330426283285,0.0046066332454224755,0.0007734724416863035,0.002282728007218143,0.006426274309702338,0.0036938126708931825,0.010883609609683603,0.0029436838648655432,0.007033378657552376,0.0020522018612446563,0.010983050078669522,0.006250224872432082,0.00026417405210638046,0.005115394296146541,0.002037783439072723,0.008604713283995579,0.006361253940058853,Indigenous
0.31830988618377537,0.004976395773765512,0.023210970374175292,0.011310829353573972,0.0024248656993609416,0.003432748325231025,0.003093237385928162,0.01595301852180575,0.006235084879231091,0.005580398382169711,0.007170603412805388,0.002033757503413796,0.014551325577273313,0.001702045080374608,0.00874287651159588,0.0035593601297568577,0.004065324957254331,0.008463528481828506,0.011118751540188076,0.005382497464076494,0.0020733733316335478,0.004894538263286641,0.0007181492941868476,0.0046321874249891,0.0037905788001877778,Indigenous
0.31830988618376954,0.002220942722619499,0.018923108967399283,0.01209259924947489,0.005742115120795252,0.003290226698263357,0.0070901597505170525,0.010326498020383075,0.007070820741085799,0.005944193660905497,0.008662050697974205,0.0034684059023719514,0.01597131053141394,0.0010462704399784035,0.006724661330177493,0.005161879494494541,0.004768721474030915,0.008622108414944202,0.013576851799701027,0.002478240414134705,0.0035974448501495428,0.0038313233320128918,0.0038752876049198922,0.006445150697853448,0.001740901231493449,Indigenous
0.31830988618377865,0.004505119814077168,0.01676276444130997,0.011048531540823024,0.0037438886198034827,0.004711473646047412,0.012827521567601042,0.0022995584089303806,0.00695738004212607,0.006302492984100555,0.004619859044139292,0.002946976818387613,0.00790818680636455,0.008908247928878881,0.004179452140058062,0.0045251877084714325,0.009833976606328993,0.006636144030752639,0.003885040488657267,0.005668277337755452,0.003262235502431542,0.007871893081191388,0.006681821603350567,0.002710799494627512,0.0010077532902257019,Indigenous
0.3183098861837758,0.006094687883098034,0.027528881982680702,0.01475394303579802,0.008789271672845484,0.007531364259843196,0.004402695634641509,0.012976609888195663,0.0028305901352807736,0.006726310348460747,0.013523629541913185,0.0041338258245738006,0.0028253198541905037,0.004391108320263807,0.006511010335492055,0.00124597705336981,0.007038104417054648,0.006087811010473852,0.009799424134743006,0.003960791089448782,0.004228351959682233,0.010454353069908644,0.009824407072934428,0.00869753534145638,0.0017103831748787313,Indigenous
0.3183098861837997,0.0025695775426846086,0.014291358112243347,0.008276564813792416,0.004966112747499098,0.0007528465403520744,0.011126571243379176,0.002591870440405869,0.004577614430339763,0.0013353378995711058,0.0024817247836357533,0.0018575764418701658,0.013201992387182592,0.0018040985199071098,0.0004478131545536523,0.004952566634366341,0.004217036695231201,0.005631869274237375,0.003203989460055917,0.002042803644707589,0.00585857069369152,0.002751723874017512,0.0044567931103683305,0.006141064727439077,0.0018840706583028077,Indigenous
0.3183098861838083,0.0096889206301319,0.03877833594664157,0.02662071876686535,0.008667012257062104,0.006888858566296085,0.013716358344028958,0.026028444449819877,0.013203625547854644,0.01640444011426512,0.013731953234464798,0.006935844266613406,0.022161215659686498,0.009564457305629947,0.02188453659242201,0.008335431204406791,0.004556844197301545,0.019062134346184662,0.00827867173313603,0.0051138980530161795,0.003150165184134982,0.009237072352007327,0.008620267369623222,0.009851220790463466,0.007764685942163504,Indigenous
0.31830988618380085,0.002080033860678147,0.028208276740043232,0.01583270278371107,0.0039400279220846,0.005075163191148115,0.019559336177972293,0.012163975360291956,0.005954732713737461,0.0025618704994383175,0.0029259804633182504,0.005759458657596829,0.028774375221895306,0.007642392339601802,0.006512074557466015,0.00606057602336383,0.006783274131852161,0.00785226179985183,0.00541951815177281,0.002123464540765747,0.0046836907219469735,0.005251950477645967,0.0026042774172939827,0.005003712829668297,0.0031692924589579573,Indigenous
0.3183098861837831,0.005286644735819609,0.027892819733540807,0.013301447822004363,0.008383356579656559,0.000584867294133807,0.015756015332650187,0.009068134054481439,0.008994647591330536,0.0020509021078658632,0.00834096024118514,0.0012290506683883446,0.017266819527218324,0.0023591521242490826,0.004509304880681051,0.007816941780279524,0.00590917245473346,0.008623246237813194,0.005752061895134719,0.005869112092594838,0.013880015735667734,0.004489270251021705,0.009063486313819109,0.0035164621864715024,0.004721284819347884,Indigenous
0.3183098861838139,0.0034594711385294886,0.02478317502523672,0.010390795732456607,0.005692062733910341,0.0020416890657759443,0.009996297664844729,0.01224659444102062,0.004480468322132241,0.0073474714232312985,0.003901162409519853,0.0010453735169265014,0.007925235869387223,0.002355252342461758,0.009673483575276693,0.0016604751336938906,0.0042857125742308145,0.005315058524644822,0.005248627000549326,0.005274766259916594,0.006689442614809288,0.0030888321007839802,0.0045850723116470865,0.0033314154799781006,0.005391233387102335,Mestizos
0.3183098861838007,0.003938922985299363,0.039886272693241534,0.013203553745294739,0.0044106926728061865,0.000974008053236643,0.019462775586321424,0.018847094591829622,0.004736778125853348,0.009082596158738354,0.002279329297472142,0.0016163996559240177,0.009234526337974034,0.01479063113637938,0.011362403370509018,0.001505695620001864,0.006344281919592167,0.004466634055755383,0.0043858699571527335,0.0034039758986548186,0.005235266106034417,0.003630570776235496,0.008129569216436166,0.004320139511632188,0.002863482360535084,Mestizos
0.31830988618379763,0.0051264371746323955,0.031015983509695373,0.015569260129699416,0.00785977906205934,0.004370889213354339,0.013533381973357551,0.01726118234532168,0.008576240561832886,0.005564396821464209,0.005182478339003961,0.0018063074594541562,0.02163803556058817,0.008639040695717453,0.00738550541453896,0.004167457926884398,0.002565766468126547,0.004791820678740018,0.008139942456124821,0.004781781811166332,0.002301183942703068,0.00582875215553142,0.008621658285099058,0.0010156622639559078,0.006081751056358052,Mestizos
0.3183098861837804,0.001488210671743626,0.02570439661414935,0.01212412131561492,0.005042669880178413,0.0006616677840885764,0.018360120769620507,0.009085750015587266,0.00741914505222605,0.0011637597011708441,0.0053784993117202105,0.0028853973208711925,0.026756751392674184,0.003278780441759544,0.005878062178310348,0.0052922006354533336,0.00626290066496955,0.0053468445781899455,0.003353140069678155,0.0021118518569084544,0.007016951900716648,0.00859743461997815,0.004244176308405526,0.002161688990707431,0.004189370397453009,Mestizos
0.31830988618377365,0.00381913668871362,0.033716336949057034,0.02433114813482939,0.0027071835949457157,0.00661293109854012,0.0016026080842520259,0.030004048222274864,0.01282381209760583,0.01659415229448732,0.0070779220169842295,0.0042541249685567415,0.0017160475190286938,0.0014243964084524542,0.02019921957292409,0.006756463481958785,0.007504214186408197,0.013708821033336387,0.01086242976867448,0.008395697791803405,0.001543242803454555,0.014289440474656932,0.003257294469836121,0.011955634157908313,0.0019049863349757594,Mestizos
0.31830988618378736,0.0032377675959300426,0.01509805910225941,0.010860712838436806,0.005005893735406303,0.0007662503260139982,0.013702956536021459,0.005091924659857402,0.0052797292597695925,0.005642935747120163,0.000986982274637557,0.002447582625465775,0.013588592367551007,0.001371275579620004,0.0065630812693242046,0.003770900565449661,0.001225177328890017,0.0035067246905524777,0.0012514029703468673,0.006845465702356313,0.0019527337209351095,0.005769405724965145,0.003206645796599492,0.0016562184130809602,0.004770894180131967,Mestizos
0.31830988618378414,0.0018824188179587902,0.026393645744279933,0.012057287509946023,0.0018818289479552465,0.0019190772938110973,0.007997665572870993,0.016628082951214155,0.004724857069235431,0.0021040262128946695,0.002514368912566445,0.00417906134601351,0.016143825888279447,0.004983633844304217,0.008917506421952104,0.0013061901160339214,0.0032864911730908406,0.007205730976219394,0.0006067847739443511,0.001697360690032512,0.0009013518482517169,0.005934812500295816,0.004252042950819981,0.003297844442646383,0.00719218225275246,Mestizos
0.31830988618380435,0.005358333533480478,0.026401917810885786,0.014001688535569852,0.004669761554962648,0.003608920859617653,0.017756958573543695,0.013963732184377154,0.006502948809380152,0.009710268472614572,0.0033911135328940417,0.0019907658710814555,0.01783042652344674,0.008752100583287572,0.008195147529698634,0.004692484969257119,0.00502501104734578,0.00506565370222661,0.005975897352840213,0.004655419932050894,0.002069212675336503,0.008251008809061195,0.0027297339486850713,0.0015773042969150256,0.001120780939434674,Mestizos
0.3183098861837748,0.00652745993124821,0.018903175467088303,0.013715375467165697,0.0037233080494568646,0.0017620869152708296,0.015961548865591056,0.01095574350115268,0.004512608595109947,0.0010112398271924954,0.00521157239961913,0.0012262366997047283,0.007728905831274646,0.010250868808960784,0.005320122201854304,0.005016707191218829,0.0017720278034871841,0.004534729487623898,0.0038848015215615294,0.0021981963142386663,0.011006371907970547,0.0024409591787120616,0.003472980866302176,0.0013647929261826545,0.007712303147466303,Mestizos
0.31830988618379125,0.005370176461780884,0.023842123676369863,0.017805606771609524,0.01282155827635128,0.011691868301320834,0.004764621624688688,0.02253683416534823,0.0038148189648679535,0.0048632346286472785,0.012572312063467673,0.007836789429782897,0.00531366444242006,0.00692260305616034,0.014722694160680375,0.0017567024800260443,0.0002936112168592997,0.007693476576637672,0.017732480660990983,0.004560157080803191,0.014903179595076,0.009597445288427863,0.0030711374020360063,0.002573159695921408,0.0015373763858621964,Mestizos
0.31830988618380207,0.0013534115620374384,0.023973417604969193,0.011312406440699495,0.006623809755085119,0.002064121045728763,0.017209274512080094,0.009219670459292506,0.003122442439751762,0.0037286180321484054,0.0043885626775765855,0.003484559221865258,0.024265448173611807,0.003786082260640859,0.005027305787067787,0.0016898823074710419,0.006501483160236718,0.006803344947796092,0.005632345100569542,0.0057239769897927464,0.003384291035441048,0.005260998271264793,0.002742318863863486,0.0025289833799845445,0.0038514901348927696,Mestizos
0.31830988618381295,0.0027370229902352545,0.023458426956452588,0.016358253917384647,0.003291767479951958,0.0034471460963936894,0.007667573080551691,0.017311868206162623,0.009668449968862559,0.008837312221761349,0.005764118769625535,0.005227636681088104,0.02525757130509701,0.010603092668883611,0.018160095683277908,0.005556433906536908,0.003982703330147081,0.006446715817644407,0.00987589661771046,0.005955488519766558,0.009286698346763765,0.00930301379303458,0.003922382642944269,0.013223695418672446,0.0011719693978808612,Mestizos
0.31830988618380224,0.002423697302549256,0.02428722486653563,0.010859088064235682,0.004490151036484995,0.0015718615697654522,0.01729186730654102,0.009076721846882732,0.003608445215583919,0.0066856304497252775,0.004517452078856235,0.004629442124033049,0.017684175304981148,0.0015473427265974026,0.007382361989908213,0.0010842595350249295,0.0036121591004428053,0.005084351461001849,0.006190965277113429,0.0035992512680714816,0.0022545890820329126,0.0021840991783670153,0.0020665909413189504,0.0024460251736004427,0.0014793044206581798,Mestizos
0.3183098861838003,0.004193287440052191,0.023146126178287693,0.009491395257983244,0.004082762529121486,0.004425255909066499,0.015165674873776819,0.010089933792112824,0.004570741483231655,0.004659207585992116,0.003627449414481704,0.0025245761390291373,0.01810970245994169,0.0051506359646887045,0.0045621207292111795,0.0028257959202109624,0.0056991730243083965,0.0033370218657151635,0.005823057940978445,0.003308736821468154,0.0008094870432432694,0.008357099541125007,0.005773764469988609,0.004615039674084282,0.0003050996277210275,Mestizos
0.3183098861837701,0.0013966670135730553,0.013576001888026787,0.010531347340189123,0.011173616588033385,0.002873316142874732,0.01094132772726488,0.006745322680653374,0.006798484333494239,0.002338244322284928,0.005233196540660664,0.0034727316539539367,0.01631767022405031,0.002795021710051274,0.004724508915484871,0.004032539761992277,0.006887972160618464,0.001463222605465066,0.005672934406121865,0.005732523091567759,0.004564380935690683,0.0011037918088458673,0.003911148032447594,0.0024773331815662785,0.0032999039434488116,Mestizos
0.3183098861837931,0.005088488745534984,0.02543743419263986,0.012979811815845154,0.002664786611835085,0.003729085532841061,0.011271776344681555,0.012615020086243047,0.007261904429037867,0.001442180171720028,0.010283666935537221,0.003976448401184305,0.01595731291146479,0.0005252372235993784,0.007939898652740762,0.007200152111398317,0.004043114541243894,0.005111968924177821,0.008510534641526268,0.00047966059337792327,0.007370226502206137,0.0019840432688751396,0.007757794078382148,0.0034296972470367238,0.002866959662830294,Mestizos
0.31830988618377304,0.0015179737355409363,0.01595433560524898,0.012246669780062776,0.0031195873674297442,0.0035042109523659823,0.008726059833090436,0.010096990678976684,0.005871933747698734,0.0035582731696882836,0.0030909310099062892,0.003359729936194938,0.02112644953792165,0.0013297208048157812,0.00967569483278337,0.004836814508892732,0.007138901105758904,0.0008960378258820149,0.0032576839906999808,0.0033332409829116803,0.002924236066864936,0.005755699230065265,0.006530609264680893,0.006888046408744857,0.004143994427696284,Mestizos
0.31830988618379974,0.0037401208542481718,0.02229204366863085,0.01258984965506054,0.005489207745137752,0.004913118605415365,0.013501697435742581,0.011156983932396817,0.004918457446985397,0.0042259838808790615,0.0034623221736001463,0.005444299938489757,0.01512476442968251,0.010045187552151011,0.0066475689819321775,0.004923311875537865,0.00363406717348421,0.0022824685167825206,0.0018614381131861854,0.0032699295978591537,0.003944223079721245,0.0067063058879584594,0.001195977378066506,0.0027510204655324115,0.0018720051159495993,Mestizos
0.31830988618377914,0.0016670140043634522,0.016741555674456836,0.011203583634460603,0.009563256973008782,0.0012970946866970416,0.011310477289642434,0.009647292789826324,0.0031989256606576822,0.0027299155596859177,0.0036360508257542398,0.002987044494727191,0.014372096626296503,0.007510745001345244,0.010029034397092632,0.002756625854895243,0.0045438977561275875,0.002630295216427339,0.0021459409477766617,0.004611661508137185,0.0018500985124717023,0.0046722005109587385,0.0009219662114617027,0.006750586271209518,0.0023316070285466194,Mestizos
0.3183098861837786,0.000836983324766163,0.027036516618386883,0.014147533862153724,0.005653629045142761,0.004239547208008001,0.01255914195759807,0.017303782097387987,0.0038941758492077585,0.005191995421607025,0.004434486297580832,0.005890518059247205,0.014719714810478587,0.011090146850178001,0.008379817021891318,0.0011267620544549886,0.00658164879083744,0.005133754444928271,0.008727512468098438,0.008333856856035899,0.0029898574699931887,0.003201393258568829,0.0032474735899162867,0.003194022692686143,0.0036551754567438408,Mestizos
0.3183098861838039,0.003906569470944213,0.03235889366091908,0.01541194330444938,0.008701120384236153,0.002899900431016319,0.01827436165904777,0.016497247439550496,0.007525198892134751,0.0036957618704710755,0.005544145038677068,0.00287771040989526,0.01994808368815647,0.00912495270339519,0.01132176380671024,0.0067979490400689865,0.004561309060788008,0.005844438909741234,0.005489946728204958,0.006493558260506986,0.00044193134285348774,0.0028946212562965395,0.0020538742030559907,0.004991727648051914,0.0015748438396625817,Mestizos
0.3183098861837885,0.003926869800890493,0.01689582898524072,0.010755826257701905,0.008656059692875279,0.001514464131684829,0.009967389999343032,0.009330948029768684,0.004454734728018352,0.00811910319256571,0.004347537615728145,0.0026020118810406545,0.009623650657305208,0.0068567642849146244,0.005727750557760415,0.006318871139320792,0.0014001086606528768,0.0032270508093012514,0.0012704293534286778,0.00505546080543833,0.0023215146956356673,0.005745761434065438,0.005015356974637034,0.002426064014418843,0.0015962450908735123,Mestizos
0.3183098861837729,0.0031049068970272846,0.029682228805569453,0.012366168531024149,0.00525543134248147,0.003913419148708959,0.013124955122223966,0.017411104121405223,0.00645347503439326,0.00795553521035109,0.004661017873798523,0.003456804683023099,0.016764049268376737,0.00626182635821759,0.009406974095463124,0.003005297482107358,0.0039203160319850544,0.011034330166272113,0.006436308072303906,0.008235419211539384,0.002657016530425783,0.006236258759746137,0.004595797801821208,0.005292387431254756,0.0020676383518615253,Mestizos
0.318309886183803,0.0025497590112173786,0.020563235295184085,0.009868362670808595,0.004153731722586984,0.001398109088313233,0.010214850111652674,0.00786550884516585,0.006042967455477213,0.009846138100518828,0.0052111632936877594,0.0013761005769079204,0.012069345498106133,0.0023393237663546984,0.0037841614673680022,0.0036123241025383694,0.0017251290964939864,0.007614923283293108,0.0017862174110186936,0.005635020620114853,0.011369054433781549,0.007510269328648058,0.007737224816231025,0.0021780877113093673,0.0031676340996694093,Mestizos
0.3183098861837966,0.0006957337861233561,0.025016844081765032,0.01189678570376835,0.0025596584523842735,0.0008433723771799943,0.014533468250570072,0.01263260667813268,0.007270784027311321,0.013222808822019325,0.006588998578478675,0.0026535964145834447,0.026024037197269503,0.0038352214864996854,0.011738619762344419,0.004936384439559168,0.007469735552126979,0.005862855315885794,0.0033482398296434813,0.0008118850728885421,3.927260268002435e-05,0.008342095341726726,0.0052217819561550735,0.00894186338466223,0.004878376495619381,Mestizos
0.3183098861837785,0.001757417499738416,0.018263928567778472,0.013950058978253022,0.0032952427047491222,0.0025737168431236054,0.009644269570896426,0.011171910998354082,0.007640079303708978,0.005538513990888687,0.002336564225768278,0.004254238915772461,0.016900704175448276,0.0030739896078131705,0.008295683074993277,0.0046740554480046315,0.0027212858744327826,0.004237790334371548,0.009314694861136261,0.006287096605834599,0.005134060482441076,0.006421561382560411,0.004727241316155653,0.005064556071779088,0.0017532510527821475,Mestizos
0.3183098861837775,0.0048734824633786845,0.02264077367914828,0.014272597561619133,0.0005858748007043775,0.0057187192394935185,0.019517188603931132,0.011240076394990245,0.004192666572517069,0.003601416447295087,0.006562961301507652,0.005102052269640008,0.015603132439565029,0.011351354681073216,0.006839452248241639,0.0053851379607707806,0.0019926406704001303,0.005710455700829633,0.004731356524365591,0.0009072258034415973,0.004432265076309753,0.006549951355830176,0.005385060559895787,0.003101222815818637,0.0034033879538529844,Mestizos
0.3183098861838046,0.006381233949302287,0.027600591636319283,0.016371884036833127,0.012294021302461057,0.002552182650933809,0.01044055260028206,0.01809083247534868,0.008400795267690114,0.0035684996024669662,0.01069485994192479,0.0023796483754491486,0.01171882666747843,0.010349926640410565,0.008661199892872128,0.005711361856070887,0.0012208884733612558,0.002891728987963261,0.0017903333223045974,0.004339364119968568,0.0064059065018452314,0.006243402405057521,0.003935293787000302,0.005805125182860182,0.005161437556068446,Mestizos
0.3183098861838068,0.003758904185014035,0.03564493046250516,0.011262154783322775,0.008201998258837946,0.004483662616883459,0.02144207483885037,0.01700583182832231,0.003660474198496394,0.011421731251445872,0.004747796093175583,0.005035301671673825,0.015013192154355539,0.009348085344404318,0.008965866173320186,0.003974559181777841,0.003345834488149289,0.00843587041162497,0.007349243728913105,0.004081204771486343,0.005584006019372971,0.0022564513931460735,0.006915582933141006,0.002946296521103095,0.004130051230560583,Mestizos
0.318309886183778,0.002394338666739856,0.03169094649169207,0.014485350269017212,0.005184757375469991,0.0021876695221562615,0.014465964330239119,0.019217168478568972,0.006568715715058853,0.001643101094522459,0.0030399382123421055,0.002799417838320945,0.020332187796568528,0.01200337606168785,0.014800602849640533,0.004096515845212581,0.005863640286950829,0.002549093544894604,0.0017360696945503966,0.0029402831056978937,0.003332396324622165,0.0051989889736632116,0.004326833404414231,0.008268290395219736,0.006897850008269235,Mestizos
0.3183098861837759,0.004667296359717261,0.024900079362245416,0.010031269961170208,0.006888849504458702,0.0017303542022599186,0.009244858986054339,0.009839557377300514,0.003891139819724449,0.00729215413508028,0.0008637359965495333,0.0032671680254741163,0.008765258053971015,0.001202195200381447,0.005090274392873231,0.0014627866523622913,0.002165868981780663,0.009234536273286383,0.002124916543760719,0.0028495152729062696,0.004353642813253696,0.004176960454875092,0.007953555358965315,0.00428718504545286,0.0036392724473076647,Mestizos
0.3183098861837928,0.005859847094146146,0.023744148204317535,0.01779018184498805,0.004144917272019699,0.007155864961257142,0.010820457681444205,0.01694917568698957,0.009399336833134792,0.003053970937625378,0.008420748196825338,0.005480837068598032,0.020349858594018666,0.005828377310986449,0.007123425919497604,0.005534728040589252,0.003149692765702723,0.007899608690004153,0.012205544522837624,0.004560391199611106,0.003773134051914383,0.008296531336781996,0.007278805831201682,0.0031351321905022512,0.0013049681020365625,Mestizos
0.31830988618379485,0.005736660681390381,0.020586149584737312,0.014612506408541923,0.00744158502898028,0.003801351978192822,0.0050692971136499995,0.018401403337520036,0.00670143667089064,0.0017743929266191578,0.008735234168931566,0.004554027983686623,0.014204453243387838,0.004095892861295665,0.01605970448417299,0.005564123194430926,0.0015810382747511891,0.007376246579337676,0.007046878282095952,0.0049840807853637585,0.0007613443975950842,0.0029658393050472263,0.0007632955136415567,0.007251706473115763,0.0017134109987361151,Mestizos
0.3183098861838148,0.002910363686146599,0.011550769869046339,0.01220425841865662,0.00472942853840601,0.0024024791610594096,0.0008192838944306148,0.010056717565519223,0.004809997432076498,0.008089295252911391,0.0009849044270525728,0.005757874133863693,0.01877886072907761,0.0009504082064203211,0.00538978469138832,0.0047066731133924775,0.007330477855325092,0.0024727088287741453,0.00417712069064476,0.009874652874911667,0.003417993217052981,0.004953079069228732,0.0039294989370674315,0.002898518375778371,0.00711205451307869,Mestizos
0.31830988618380357,0.001378404614703594,0.028835049600537517,0.013122679250458746,0.00631080678492675,0.0010182999962197214,0.01999903606010155,0.008829051165455367,0.006128711297624413,0.007036504493075828,0.0030182560837503174,0.0026647488853924163,0.014012315732393478,0.003969547484897871,0.008117231180572657,0.006332747065586353,0.0012929766931606163,0.006675387074724053,0.0043998926116617315,0.005060611544091219,0.007340391093903696,0.003653891695405194,0.004332254507126218,0.0011444058197924148,0.003893291647448685,Mestizos
0.3183098861837833,0.002632044559892688,0.029507179067630784,0.012856722600017113,0.004111136714608612,0.0035899409821801907,0.011503289887638244,0.020644638847641915,0.0034799699358884226,0.012100265765628294,0.0057859171652755595,0.00510727067851774,0.014295967784982475,0.008870148258343613,0.012767828080852433,0.002486085769418575,0.00697716475362222,0.007336621028297386,0.004238316048094293,0.005245923118178272,0.000124089032340945,0.007974037003238607,0.00288403644736337,0.004220840413313819,0.006668214727411898,Mestizos
0.318309886183803,0.0005149548583375516,0.018266994259320653,0.008151473404182727,0.007121243437800053,0.0017981399856175804,0.010009363537727774,0.005555400840368724,0.003432013942593611,0.003127134608295093,0.003157329491090685,0.001315108863203791,0.00903095141078556,0.0018667169144455428,0.003125237623812236,0.002519787717220179,0.007944041048547606,0.008524203839752042,0.0006366288962316406,0.0018676503134820476,0.007000271396681345,0.003277415606992898,0.0043358286926481575,0.00041900861474087166,0.0035329517490246443,Mestizos
0.3183098861838021,0.005282260228879061,0.02523082408824832,0.01825118740703402,0.0009781981571224023,0.0032685375738085703,0.010473437369333356,0.005973583544106801,0.008446706814527244,0.0019739160455317325,0.004519791359657333,0.00558969368867207,0.008677226605068674,0.006208448429852247,0.004692065096152434,0.009191697886157138,0.0066603823185526,0.005888580448546198,0.004690136908821531,0.0014070317901845662,0.016643107484244957,0.008813258879246895,0.010773276735375821,0.0020963346294093745,0.012967142776431458,Mestizos
0.3183098861837741,0.0025140211198146226,0.019646706640155293,0.012960512549710868,0.007781284314510258,0.0019327465975047023,0.008115541042607529,0.007658542718373633,0.0067855393472583065,0.002516804056141885,0.0026083722719472398,0.0030635690992590254,0.011568829963522521,0.004124600699814697,0.006821063633527008,0.0057479715121941995,0.009287995740780859,0.00710826332559647,0.005356520182522079,0.0021208201397393224,0.011927279477090337,0.001072329131196831,0.006586818365250746,0.0019945210135937277,0.005553981104884942,Mestizos
0.3183098861837895,0.0034357454117480745,0.026254798742011122,0.011312719244406109,0.0024078890027403464,0.002013642086935681,0.012334459288783963,0.008773715252627521,0.007374788102562642,0.00855674865724839,0.0034647616978345087,0.0016165273476488053,0.014394153425275408,0.0008335035216635296,0.002130705749125205,0.004317856289243713,0.003202433194127485,0.002365666596743997,0.005317598570601991,0.005882988119450553,0.0008480346025321376,0.004589016762494494,0.0019728973010344803,0.0010904060040712793,0.00375975642413572,Mestizos
0.3183098861838117,0.0006916206286690916,0.024680703449627046,0.010061002284949851,0.0016132701042023336,0.0006021402321043233,0.0036822081926776327,0.01125116073471652,0.004358383338498085,0.005356124771060468,0.0021097926866601004,0.001031103118298892,0.012892237801323012,0.0033085304431278257,0.00921449429057075,0.002826515251806642,0.001313815499458937,0.009288172205153199,0.00323967600138528,0.0013984546487452812,0.00048746183291816333,0.012829722346230603,0.002014310942755264,0.0028027674785541645,0.004797733304781654,Mestizos
0.31830988618377654,0.0030018038013120262,0.024412462041192212,0.013751380558447176,0.0036395015754491504,0.004190328812873298,0.01657815905430715,0.010215323538716849,0.005629016304984409,0.0075268131683692615,0.0014453241191176983,0.0022297588111292697,0.012081493301930379,0.003967519189793291,0.00630275617008317,0.0020270232236726526,0.0033938735517186494,0.004617223251735161,0.0032699063050353272,0.0058998741149939695,0.009219066563592308,0.005089563806809189,0.006469669172407167,0.0029319136008940437,0.003977545042983901,Mestizos
0.3183098861837847,0.0021610505497198307,0.024103515077460776,0.009393605876507402,0.004082540983102947,0.0017405850854236601,0.004722888471976742,0.011064344554887534,0.0029952078250978175,0.007320968194404522,0.00528756631530135,0.0016950797443497914,0.01747543756225624,0.000944498945552868,0.005929492965413703,0.001460930978000985,0.004472396541540938,0.003538987944507492,0.005172319049025459,0.0015759820333849286,0.0009052681107636108,0.00471857388865677,0.009234647361913848,0.0019744250176228274,0.006535797963231741,Mestizos
0.31830988618377487,0.0023443418070074502,0.022328218879107804,0.015489077726885203,0.004840451869161836,0.0005100524726596663,0.008560830389355735,0.013304863484998094,0.008868067658459345,0.009429861860718506,0.0022447374445427816,0.0020277418260033183,0.013094340083748945,0.0049537423988930684,0.008870119980155055,0.0035601946859416997,0.0010960545717946032,0.0030851384563280663,0.002233987688721733,0.004914691416728824,0.0009955727417194716,0.002715657933367469,0.003949352493625287,0.0024378438117646727,0.0050866013964304645,Mestizos
0.318309886183805,0.0014680023787288676,0.017700450398753384,0.012755252228313991,0.0030580931839596344,0.00027591366797421123,0.012306426564739629,0.005638747618927375,0.0072369532270993185,0.0065008119608368315,0.002070715881187602,0.00011106597914960476,0.019080709334714986,0.0023106094504165915,0.007302409219525963,0.005131955407260675,0.004985927745959301,0.006350718453027558,0.0006505025672758714,0.003399226151555287,0.005188205467604795,0.0030156097733083052,0.007089803294113405,0.004143131144619635,0.002226985194469596,Mestizos
0.31830988618377953,0.0016474576922508612,0.014929054928033998,0.013575552439816682,0.005861542305122047,0.0009243056690652409,0.007210500352349235,0.007593168118706151,0.00598091202901812,0.004888437044011812,0.0005673138310244665,0.005159031419533922,0.005462402367044115,0.0029438018305910666,0.007290554539111329,0.00459560672781892,0.003717516504355031,0.006523882373978832,0.0029670600199947403,0.009197122958294331,0.012995768558484713,0.003508704219404746,0.0032217715363789335,0.0002911167562189018,0.002505021775129224,Mestizos
0.31830988618378286,0.0009561571825886542,0.022185681520022052,0.01058562908097935,0.0009113539191058365,0.002981094432800268,0.003754060410675643,0.015401570104495766,0.003073154237725235,0.009820797578964646,0.0032545962359303545,0.004863904466307914,0.008978984817514716,0.0008005135644652962,0.009806206202080685,0.0018439191584544545,0.003983048448954308,0.009983132474558775,0.006190885123128708,0.0019658821887800076,0.005373767999309332,0.003729833562515765,0.0027300807091893108,0.002571638462517708,0.005678408536762619,Mestizos
0.31830988618380845,0.003979710428726109,0.014710405191653756,0.020428833078006574,0.0027759334383587594,0.0021841582167757894,0.006658793684658751,0.007620524119759157,0.017310393619036035,0.003910241932541856,0.005151802445793141,0.003809270469901092,0.0195931688655518,0.0028004906974734524,0.003310479883768872,0.01023886812356958,0.007211371992236879,0.0033658577071283783,0.0015839800725152354,0.0037128699189433786,0.0066367334262449045,0.0008755619931292337,0.003719988626932903,0.0013568351171179343,0.001345194377132325,Mestizos
0.31830988618377526,0.004569314213941553,0.029286168544911076,0.011836750632898648,0.0027699915966360013,0.00255174815846296,0.017080008351547323,0.012215847766515877,0.0067270409014404476,0.00522015603708296,0.003951382939448174,0.0032346865407226833,0.01529133772809509,0.0059865818329808375,0.0052212968620385545,0.004515305773814699,0.0027302597163836036,0.010196389573905573,0.0022211070293733184,0.002084742718604687,0.0014410159254940329,0.0033269117292823256,0.0025932957877153624,0.001931047774160182,0.00335273786154176,Mestizos
0.3183098861837752,0.0020012298285911312,0.03562318725022813,0.014335258095022554,0.0017877137649053214,0.000755639714297424,0.013706013815773277,0.01833182343829873,0.006411441583766197,0.0038333347312847453,0.004008050612188484,0.0016621688356154734,0.01765997195526878,0.0026199647776004443,0.008871735892173774,0.0035863653323783638,0.0012778816355700925,0.010553706047154176,0.004968064855084193,0.002391412145228522,0.0022447717679335284,0.0030255578053357737,0.00590850074596215,0.006294419903955594,0.0070216886099387765,Mestizos
0.3183098861838038,0.010014789057917856,0.019744600873606476,0.02132627407050031,0.0035034876040894547,0.006743443831248467,0.004552716383836378,0.014578736953874582,0.010793996993907911,0.021034511922151403,0.00969230130561023,0.006505821462116959,0.00719585394111235,0.005875040527198294,0.01098208543015818,0.007074401755786954,0.0026308401734121364,0.024923543995905392,0.004471717573261208,0.005671210513174094,0.002209892600559349,0.008538995625859113,0.01156493577361224,0.002734116358526668,0.006342030121658832,Mestizos
0.31830988618378286,0.0008719744908006919,0.022368123642030016,0.019032731974710736,0.0024332379539640514,0.0004433551375552803,0.01344784404294849,0.006478361587485948,0.01277810658384385,0.012963693724158537,0.0043743947119296005,0.0037172616101124917,0.013071901286341748,0.0032047478978688773,0.0032702982971123083,0.008663793011583957,0.008367054675974785,0.009204999194901437,0.004339966474054005,0.0020149551849979433,0.014786117449478817,0.001272823022957496,0.003500783505051572,0.007324080558594823,0.0008220795080961827,Mestizos
0.31830988618377326,0.003130884074356621,0.01873649592084687,0.01703033694968767,0.005847340511061026,0.0031203685754372535,0.007865107234530608,0.009686670304354739,0.011186117351138497,0.003444699700400763,0.00796980361552696,0.0017705717303060833,0.015008841987062838,0.005575009758780213,0.008369900292133454,0.008768690131526098,0.00792040943849505,0.00147163262121299,0.00930643008392776,0.000604348005903883,0.01690505115671125,0.006391815465298734,0.006691838471143036,0.0012703180792967427,0.004401917441347116,Mestizos
0.31830988618380257,0.0029208531760972563,0.02944776592867879,0.00918890534259376,0.004217823838588261,0.001340637122116631,0.014471388638172003,0.013900502607509104,0.0036517408771612626,0.0066715471652871354,0.002417561812271846,0.0007590525431527628,0.011927979250278362,0.003930312226457685,0.008493594006449537,0.002026209352591372,0.006364866458043255,0.00359762261549774,0.0029246501170867804,0.004593505470688675,0.002918137886263591,0.004131732833999989,0.0037779426923342076,0.002917260310438116,0.008165991578655222,Mestizos
0.3183098861837987,0.0045951429102029815,0.03552858092434355,0.023369976920820233,0.0062924934178848115,0.004095122230079245,0.007139328881626131,0.021649266983379226,0.01449092182910256,0.015420048251952666,0.002830510135898806,0.0011577592358231383,0.007359796420934648,0.01013791613721738,0.008173112951247508,0.007701504624816064,0.007564789228010381,0.014929810126133952,0.005052416061346189,0.004289475406853556,0.012166785808482147,0.010430780707463111,0.0010282472731907254,0.002935426267256121,0.0033627232422460793,Mestizos
0.3183098861838059,0.00307763877565292,0.018570854279403786,0.01187646651133756,0.005530343889337742,0.0038071528429564293,0.0052706229848338525,0.00436156715460243,0.0017522445369049177,0.0016979741615807636,0.0047718390336614356,0.012214668211171236,0.007530693230420595,0.009066185824500958,0.007756708684310565,0.005986917991808295,0.010094204651921328,0.005562219851246847,0.0033816091869222605,0.010182488839974886,0.003089309198043458,0.00499563820957642,0.016934094409513656,0.008346226831299918,0.0057095257046231515,Mestizos
0.31830988618378503,0.0032789453339505756,0.023814522725778525,0.017750150233536818,0.003017209058449106,0.003132622625428815,0.009921427667432663,0.011822617221940699,0.010344273313502116,0.00862288733388133,0.0014423491436658601,0.003989027236383558,0.009170395603390296,0.00620680441498006,0.005345501434563635,0.0026506754142525163,0.0031241213570288597,0.0073196461790905575,0.003819616022093551,0.007972983342057437,0.010783137167290157,0.0038624019363704292,0.002795606942142546,0.0022537729551169085,0.00712847714639522,Mestizos
0.31830988618380646,0.0073067474062199905,0.029383561698050738,0.018795001562536877,0.011813908197631381,0.006477566156380863,0.0059692431242403315,0.018784757035692698,0.010340649704211185,0.0148456064139134,0.009823023238443996,0.006585644133901772,0.0013786059159202387,0.0017398087813309195,0.014964880093800505,0.0052630328061622125,0.012810078759027958,0.006714645805664978,0.012733882652367108,0.007147806527999793,0.012016008815246766,0.005286432351603589,0.007774997149585775,0.00861260385422634,0.0017031004600125848,Mestizos
0.3183098861838019,0.0011397926662631203,0.025985279704339344,0.013519791920368784,0.0033303360947149053,0.0027055337480003036,0.005078290706595529,0.009695547171544175,0.006158992132266508,0.004992389150749607,0.0021734941375351007,0.004048600293175112,0.016117984258361542,0.006973392269354835,0.0094583864422749,0.003966538815152834,0.007336816560366385,0.015240440934270474,0.0045504543180372925,0.001615236700575706,0.018563008067876113,0.007752534903215728,0.002994978254639774,0.000999893548455289,0.0028287269795719615,Mestizos
0.31830988618377676,0.004136088941896235,0.025982509135542793,0.014289483046723615,0.00572603661152234,0.0026975957761102196,0.01694307791555147,0.009174365327635943,0.007629053694289536,0.007358208508864635,0.0014178301689662942,0.0036638419498133436,0.019110670399682374,0.004469127717671851,0.006403251287247208,0.004100153302898327,0.0018373712250493441,0.005593591620637431,0.0018797354489879137,0.004842357724348672,0.006112789760182449,0.004657794040982059,0.005441549663534815,0.0023250664910251283,0.002422437654424941,Mestizos
0.3183098861837742,0.0006091311413088016,0.015576938356199036,0.013162328532859164,0.0009066710551803473,0.0016591941698344266,0.01260823892249226,0.005137544542876795,0.008732750531211374,0.0036109512281706237,0.0027272959657654943,0.0018845075875422626,0.004542456050077474,0.011890025574920639,0.0036112850915080664,0.006938757187986143,0.003973669257594054,0.006528602720880832,0.003699705006421285,0.003586195755323628,0.013133875962320862,0.008002261557474322,0.003403820130394926,0.007751046502217444,0.0035371583781711393,Mestizos
0.31830988618378186,0.003706119492820548,0.023469346569125138,0.006798274380798405,0.003970470642287259,0.0047382599095155565,0.004128557374741862,0.002061312965793607,0.0035074794428515757,0.003541265390639633,0.006574469647984441,0.004787346731603395,0.006067610382684696,0.011837217182976669,0.0036767329871377603,0.0018811920695386442,0.01305491383041688,0.002057688463571117,0.0009178716966014589,0.003831149841617937,0.010193276247922078,0.004680641238657937,0.010514063101312943,0.0017148337938124906,0.0039698251852094135,Mestizos
0.3183098861837873,0.0003824549335094623,0.030036541596915614,0.012820095364049372,0.002330117400681584,0.0015897878996089334,0.007412510449174953,0.016148556173431708,0.0063025838442401175,0.004779006239171859,0.002039234110790923,0.0024887381897705954,0.019745004908111898,0.003102364870355738,0.01144154149272471,0.004864354402266068,0.005805303133470093,0.004802709900680913,0.0020980661667825327,0.0031678277414460883,0.0030327388662398126,0.0033913506490930337,0.0038531751998943024,0.004044436938917264,0.0032453060058460484,Mestizos
0.3183098861838116,0.0051684767726030935,0.024024370856733278,0.020297912546911448,0.012219606069185821,0.0009257354437084971,0.013285252396676573,0.013533016668456667,0.01103083185398057,0.0050314715915341915,0.009567133764680172,0.0012747050690044173,0.0139639212835988,0.0027029233655414243,0.012402722264634382,0.007096552226702239,0.0068297849656126465,0.007358718625234131,0.004907152018370635,0.0016812564900810076,0.002241348458321647,0.004791826993863323,0.002072410339059709,0.004737624088571478,0.0020913648673645613,Mestizos
0.3183098861837739,0.0030394078390734674,0.022781915023343566,0.011374428650624893,0.006787595731235381,0.002153326137674682,0.011033438703905095,0.009659209175816221,0.005367291214623692,0.007620792343557622,0.0055211253063573214,0.003566596897492655,0.015889866802700107,0.0024747474970823204,0.0042450708328143506,0.0014521462011621135,0.007100927233440776,0.0072648020837991325,0.004753684663042755,0.004080413882388628,0.005256623111328054,0.002745094402148364,0.0018921215965606683,0.00220305068099743,0.0073730129752717175,Mestizos
0.31830988618377326,0.00252592963190168,0.018918382421732535,0.013550269766918756,0.007375225796362527,0.0034859593734288263,0.0033343036507287563,0.010828820787762941,0.0053465680305506335,0.005852314395336663,0.005058792204118374,0.00400789494193088,0.012265398995887565,0.002016981486182086,0.011708812006644932,0.0024945637057892127,0.002063504910132649,0.0034742236220884795,0.000878490221002647,0.003624803719085853,0.005910725345059985,0.014183026776479975,0.002580520592025776,0.006600058578014117,0.010326320679481334,Mestizos
0.31830988618378014,0.0006623009647009864,0.02267876707381376,0.009637523463252883,0.0015219511630376167,0.0009194586506000595,0.015555307415524211,0.002564539159940793,0.004910799264056167,0.0037444332998231604,0.002015122739595124,0.003980580171002802,0.0203094400979905,0.0045826291859191615,0.005145974509869798,0.003751291224047482,0.0037531742867794706,0.007915948780621213,0.0040004512939444785,0.006126362627386409,0.005506659918667087,0.010064649354517095,0.004190240986201917,0.001244978665576356,0.0071532968970805,Mestizos
0.31830988618379813,0.0033096207840312536,0.027465708082910004,0.017051972573920434,0.005436838179968217,0.0052647370439232325,0.014505899744733578,0.011603975097841846,0.01036917122481934,0.005278049667850581,0.004981909767189679,0.007684947611163523,0.01604515649361745,0.0018006867506489054,0.009642325833694846,0.008116895237140168,0.010978168882471242,0.01621158236842549,0.006086850148705402,0.005346643795453244,0.014929229991174863,0.004913546480934178,0.006901166479730026,0.00569441913560861,0.004278187721117854,Mestizos
0.3183098861837813,0.0027347175119966675,0.017317657273483618,0.010166324855806009,0.0015709707367043042,0.0054963304129733975,0.011036002502177771,0.006074899342394866,0.004070468967178149,0.00617723583997301,0.002609968955045361,0.0060021396576863464,0.014808362530376304,0.003365168116384305,0.00457646988196569,0.004048467220245601,0.00815065569210941,0.008330061471210716,0.0017711477079728484,0.006695741724224406,0.002992057416347897,0.003015437024692,0.006828327237191284,0.0019663461909506675,0.006493789457437783,Mestizos
0.31830988618378336,0.005417315144341103,0.028367239426265962,0.015256729502493932,0.0020252772703396632,0.00510293550388188,0.016768409441395443,0.004120019064225088,0.008191548514205725,0.00523715836989107,0.002246782031671005,0.0073013505792815375,0.01844387900783728,0.009582169661702257,0.004025128332712955,0.004633197903752363,0.0037532933447475647,0.013890411225482839,0.0026588170516291423,0.004434112907707223,0.01381864616078019,0.008533596789285456,0.012416557442845375,0.003125755748960232,0.002619246471637627,Mestizos
0.3183098861837995,0.00171242508886001,0.02786787814104685,0.019129640398759706,0.007208633252447096,0.0017960566153999425,0.012453038828791674,0.01606279951797229,0.008932908117062741,0.0020276527175975456,0.0010678431978091878,0.0015088193275968776,0.015912529248172675,0.005261515510551289,0.009345267917401392,0.010490431121753217,0.016494742319884275,0.010093803428457107,0.0036380872004368138,0.0021862208681795183,0.004655882666929066,0.001949648181076276,0.0050612376793379545,0.0022684639160329887,0.002213617299078016,Mestizos
0.31830988618377615,0.002742015908452076,0.03551705084553103,0.017508454272345635,0.007079194678155749,0.0003946932361321571,0.012609441425216656,0.014679073551514028,0.010490372326332733,0.0035448439163901927,0.0035894418102303625,0.0010358040750772133,0.015109392402922486,0.0036333495511080417,0.009584298041581792,0.007484860856969518,0.004578906446959852,0.008508868556838143,0.0036802902226132986,0.0012198049773008872,0.0102375510047118,0.008146313667892853,0.008050266402766211,0.0025005911172541794,0.005195795929091307,Mestizos
0.3183098861837697,0.0011586299917899056,0.01507682578621034,0.007875281095126722,0.008213819178070722,0.0018381166227109935,0.007920847343907573,0.0030860054101206707,0.00447127091375518,0.004475460158786778,0.0023514278223466458,0.0008680852587906441,0.011727063812872722,0.0032898390504696594,0.000817814887153453,0.0024012769319171345,0.007019363060521511,0.005947373307637245,0.0010458426401530915,0.0026630071093589887,0.010265882447103365,0.0033273645072693144,0.009029597414047786,0.001529002230781382,0.006174611827810125,Mestizos
0.31830988618377465,0.0011621047298696124,0.019236961248495103,0.013538953981523933,0.0014201342060919495,0.003653645625454459,0.0008446777097328801,0.014005956269684042,0.007264527392326117,0.009467545828000027,0.006058426284887162,0.007772968571993186,0.013914763003687148,0.009381695528757027,0.014176976324940513,0.003163938062281916,0.0013060843391248462,0.00956264516474574,0.008662206346282796,0.006091666496139501,0.005392119019475155,0.01073924569528958,0.004252772354876441,0.008738454878641852,0.0035747299523617108,Mestizos
0.31830988618380723,0.0016102311906928829,0.016176291512261746,0.009354247231152774,0.004838864568927543,0.0018592818579391292,0.005917868794473947,0.006628089109632774,0.004366213952118022,0.0008304534760056686,0.0011471221757714297,0.003699544044792001,0.014789290008811606,0.0057616369358689246,0.005180661899155214,0.0026667353193163146,0.008734045757292416,0.00846457399938892,0.004720360383353674,0.005282985137224918,0.007104305579627507,0.005174955295238268,0.007168693889128795,0.0007255492618586025,0.003600110871883554,Mestizos
0.31830988618380124,0.0016944869236521826,0.012170859295223284,0.013399621934203642,0.003777114698070962,0.0036315552251981664,0.005596162435534139,0.004769386944662861,0.007005525279862677,0.0036492556347489935,0.0036986340365657584,0.004829721702501359,0.02030875309163214,0.004797287654332563,0.007347587535979282,0.004324593192543888,0.009548683889079871,0.008921286962297374,0.0038187530971311185,0.0038241254618751204,0.00866047059867875,0.002332775480018421,0.007755576392221932,0.003369566924733306,0.005880688431268632,Mestizos
0.3183098861838011,0.0015717699851940214,0.01718579033183928,0.00876016922371432,0.002844213656531205,0.0013661349566767165,0.003938267164477363,0.011585929007103866,0.001072505644524488,0.005248971477116041,0.0011638128955826178,0.0018698790047277608,0.005607889856464938,0.006064252820399398,0.005579000397338247,0.0028786832975060193,0.0035621052439239157,0.0017112691638017726,0.00046312185786734735,0.00336656943459544,0.00017986071947458608,0.0016225054303194487,0.005718566407671414,0.0033795495118482586,0.003364096705281542,Mestizos
0.31830988618378403,0.0028596972355962925,0.017620383492997937,0.011456035818202263,0.002646072161538444,0.0015688708149811399,0.007923345307832766,0.008837014829342068,0.005951113617211162,0.00402084114509936,0.0036315467631186393,0.0024725973025709735,0.0261304472811178,0.004948958149321778,0.010915952341916934,0.003675388336613918,0.0018685824493112652,0.003320210698214791,0.0016359199418104068,0.005662964122100885,0.0014624968675925702,0.004155751111690065,0.004889123399045796,0.004152511244525736,0.0046095232456090035,Mestizos
0.3183098861838046,0.0006404947749683715,0.02088906343730613,0.011038870632958511,0.0016625494343202119,0.0006576801121533416,0.011434467857508648,0.008123917553156456,0.006354773125094109,0.0017536070406270158,0.001361205928735897,0.0016511821805132794,0.021454573608962805,0.0013383943283045141,0.007579551372711618,0.005123311902169622,0.007699721770560048,0.004800197266530432,0.0032482007206942934,0.0026953296161421423,0.0018161625410183715,0.0020368984660065325,0.006023217666231136,0.003402591632750978,0.0050368513919751366,Mestizos
0.318309886183783,0.0015852683060587629,0.017160182413412595,0.013890772125518288,0.002823776459403687,0.0029927870045783457,0.008050875091233164,0.008635518987182518,0.007441384464023547,0.009604154583515125,0.003599927985942552,0.0018769559432430078,0.01639505005838242,0.004937786305732975,0.006265368708237474,0.005935101336557362,0.006276595350905711,0.010086082955808663,0.006806077362894946,0.0032705042141506634,0.0014039177975664018,0.003187871799722039,0.004201642691514839,0.0025605423318578735,0.0006459043830579314,Mestizos
0.31830988618380207,0.0011746027519831859,0.015298658088496089,0.010857397524174833,0.005954027651501619,0.0002632073303116411,0.0030735745325718485,0.008012608444738268,0.004843115636992053,0.005687713839030525,0.002532431831617599,0.0022712949519391977,0.013319575881472428,0.0019686860483105334,0.003164610221471701,0.004394964002328976,0.007321350141781873,0.006087511701512124,0.005818918735102973,0.004899825902853998,0.0025381288338997433,0.0021844278382910235,0.007426392294316028,0.0017171211811610849,0.0033382993936879168,Mestizos
0.31830988618380834,0.0024614125001973007,0.015457782947613092,0.011245013951839024,0.004650027288789406,0.00036136212204185617,0.0086952013904188,0.007783104985187095,0.0037987438879104043,0.002282076792921196,0.0016321436291891276,0.0018989128626813961,0.017431483766524408,0.0021052084145069313,0.007121608711928935,0.0037747660422136095,0.0024508819435035793,0.00298579045661615,0.0038095405524153293,0.005375439398898505,0.0001278648388779783,0.002904686138435083,0.003593990651725967,0.002959906508001784,0.00162116560708797,Mestizos
0.31830988618380723,0.0036514132857042953,0.01585579136071574,0.011257893392259282,0.0017791169150758181,0.004236150629440442,0.009871413711927353,0.004090492059114665,0.006875721863709167,0.004283878036639434,0.0014511733726576,0.004313726201697908,0.016127149415127672,0.0031917935651337857,0.0034368165932787327,0.006373634990260787,0.006166346518470514,0.005178656032181747,0.003181439765874997,0.0032328656121639802,0.0029432822410255456,0.003761458597151186,0.007371538856300521,0.0025616667242697256,0.006304232938875163,Mestizos
0.318309886183779,0.0011316312201646414,0.016654253351559713,0.008313248088981064,0.004587160034836784,0.0012216936298263593,0.007464678859745269,0.0070438669844117025,0.0019876659144082557,0.003962457748242673,0.0014390513359451868,0.0026213669689877607,0.013025733614196943,0.0024083245782165973,0.006914143640549642,0.006404137807899893,0.004565047275261004,0.005173552423903592,0.003467160745264279,0.0017884327497196342,0.00636207943634907,0.0009204513737733746,0.009057001091558797,0.0030650416727835044,0.002375298396492344,Mestizos
0.31830988618377304,0.004668219844448448,0.018017684951985604,0.012888533617872124,0.006356249719631281,0.004759346498684059,0.00036541725664611174,0.014662766252387043,0.007258863972291689,0.006170258609947457,0.0030429606378645758,0.002901836030259748,0.014102347404429786,0.004521906556276914,0.005833628620961687,0.002274152834285902,0.0009706828600426638,0.010257715395360372,0.0048043398739854165,0.006281371121703122,0.002885152433993707,0.004140952750428893,0.004804235302752957,0.004691677326449652,0.00609415182511277,Mestizos
0.31830988618380657,0.001423973773178566,0.016372980470626852,0.007946843102990724,0.006091072167726085,0.0014668273257773844,0.004266792746715377,0.0060627650943991624,0.0027676058624706277,0.001601427929812496,0.004335309957496188,0.0024187471748345246,0.017672312599948243,0.0026741931558306293,0.006627637236632003,0.0020649910202008817,0.005604945174045013,0.005996718277833495,0.005745047523147996,0.0008703986567486013,0.005412502529987765,0.004233708790961004,0.004652163500582001,0.0030894489674461504,0.004328205059944481,Mestizos
0.31830988618381245,0.0069859186503024,0.014956291053541544,0.008447342975036855,0.005503634056024848,0.006860336602937286,0.002563911897730178,0.007588583985475246,0.004336558044320281,0.006700585150756746,0.003983820749836443,0.006594399082638267,2.3098253384780458e-05,0.003059255663095638,0.007905991248349184,0.0012307557160189408,0.007579317418827639,0.009292847282659389,0.012065720794188084,0.0010812360494245109,0.005589704249322306,0.0025275741429238974,0.015467632540668935,0.0038002449344305537,0.006729026910973649,Mestizos
0.31830988618377654,0.005639245278894152,0.01009350591892361,0.019058132904003214,0.008970759192103914,0.004532259151285364,0.010266479362385755,0.006851907257915689,0.01099281480798182,0.004034709594658883,0.0029995822168231265,0.0047046569075855195,0.013422905063112223,0.006121966308169943,0.01153095162500142,0.009492752137871775,0.006712382535302891,0.006555346043718502,0.005480139462949387,0.0070384092548778435,0.007317038313386908,0.007911253518595023,0.004709611839197128,0.0050352398534212845,0.013583302300931835,Mestizos
0.31830988618376976,0.004542179859837034,0.022206660307121397,0.01399327001258725,0.0008088731444226035,0.004327625245354489,0.01498685817510743,0.007222241448189026,0.007599508362159134,0.0030478234684017127,0.0009428813554415767,0.006013956871884443,0.017938428554146155,0.000900351576145938,0.007974628310078611,0.00389636175483573,0.008273703070086905,0.010721405208461298,0.0026336265207317234,0.004683287674244092,0.005338232901388067,0.0027127596061445585,0.0041792570798318725,0.005691357589530373,0.003914593931292111,Mestizos
0.31830988618380807,0.0008321326164887936,0.020616387055161216,0.009115309864653963,0.0014578003547245813,0.0011506179478796806,0.006112022777805488,0.012839440274798173,0.003568183481373662,0.004306352143689435,0.0013801360391330491,0.002104691753291384,0.0159847323810118,0.0040323623723493365,0.007827148394002384,0.0010093656102876977,0.003963810274971644,0.005292068432613052,0.003494115772534043,0.0031469338258669263,0.00032708486159918794,0.0010095228797762363,0.0029991481913796154,0.005047992061080699,0.005911926332265076,Mestizos
0.31830988618379796,0.0008080289632941608,0.01728096331883493,0.010641678305091317,0.008066422312807678,0.0007363394139071096,0.01331960360454512,0.004212150888864128,0.002908970257849615,0.0029628690273658265,0.00484610907308017,0.005524965507643276,0.01605695334446938,0.0037707601663552926,0.006667152173489317,0.00393123636569796,0.003535972307649772,0.0058925741797791874,0.0057970225393273005,0.007595146222710953,0.002624750208698398,0.006530431661642063,0.0031116221997731417,0.0029531995782273593,0.008065107477944181,Mestizos
0.3183098861837797,0.0067263428604421235,0.00836313524200444,0.016094907221525217,0.010037593958588248,0.00487873762069104,0.008735876603251126,0.0036853939139325034,0.0017225589682722702,0.00225565639933326,0.004481617241452387,0.008502133077701835,0.006177686183802136,0.004418033771110616,0.004020221545222866,0.0034143175440836146,0.009095609556954497,0.0009561088912138398,0.002021485305763691,0.006535671672839168,0.00826278568270497,0.01740575580414661,0.00464333129326033,0.002839047620018822,0.003665020605820633,Mestizos
0.3183098861837853,0.0034387910692545987,0.022643916541261144,0.010836574670294254,0.008019268601721771,0.0041542625620601785,0.008688755244529143,0.009152711935107917,0.0019622698304655,0.0023313868009456774,0.006024274764646246,0.00547190129525588,0.004079145702457274,0.002353980578583194,0.0021417965787071873,0.005752115384115092,0.004781954039925055,0.016835516435159383,0.010008018912049,0.008363444521514015,0.0013229045254686152,0.010439672010303309,0.003784348221274052,0.0035090065673278716,0.009332091628245475,Mestizos
0.318309886183803,0.004400030026856353,0.013830998333283199,0.007621788672096931,0.003823526586328288,0.001961764576218569,0.009498463092361728,0.004393965166660876,0.0008492600096870964,0.0027910551228483454,0.002093359291651764,0.0013217313779466356,0.008954111460310273,0.004638132483655645,0.0007365856578919668,0.0015896324262597312,0.0019247902449998195,0.006079679542535501,0.003208065400636533,0.0035893262851050913,0.0027153837264465674,0.005791227656345492,0.003722186268039255,0.0031844002167814188,0.004200062950968176,Mestizos
0.31830988618378936,0.002216342788202917,0.013095647910638164,0.010745683984955767,0.003256425201172762,0.0027287221360649244,0.006010967533417204,0.0053895362092166235,0.004151614650809866,0.0035045373736545134,0.0032621515973838737,0.003671413452753346,0.013904869832361076,0.004307042491452726,0.005059558259050354,0.0051569297985662385,0.006495042074991558,0.0014968588483426986,0.0038101611944321746,0.004866220058034197,0.004255003318892102,0.00218220241459377,0.005168868132592652,0.003848261976212163,0.0013196802674662386,Mestizos
0.3183098861837949,0.0016563798472663963,0.023079529206679234,0.007608703489023644,0.005644090814577735,0.0003007480169601534,0.00806393104580926,0.009234278534047978,0.001855400900263122,0.0020993818770455894,0.004365931560379533,0.0016983635936169397,0.015423412891625101,0.0019149980210408232,0.005497242625943191,0.0008692753571149806,0.005301632850297242,0.00635964846208625,0.0035301247023562794,0.0034706704956620374,0.005947237940881328,0.004099663629768769,0.0009695053194912476,0.0015268220677995758,0.00591823087772258,Mestizos
0.3183098861837669,0.004478878320309467,0.017375827446179652,0.014079661110238591,0.00017420008828230034,0.0036688664843572273,0.0038665494652261097,0.006796935296976337,0.007099248789558262,0.00733007495937403,0.004418725132777856,0.004763979732206687,0.008444574281423431,0.0014802044599160017,0.006817015369379882,0.0050865430462083095,0.0017736392379760204,0.008691271678142657,0.005358256259600931,0.0050506381333876625,0.00706819080354312,0.007759708603661023,0.005081387630499917,0.008038735966718768,0.004857441500843571,Mestizos
0.3183098861838108,0.0008781095435794768,0.02329341237040326,0.009568724725479172,0.00597020922628639,0.0008848131402406943,0.012985306982427244,0.007400776018428714,0.002251412548753296,0.0016620800782277956,0.0019951072739577413,0.0010008286702301464,0.017128097357214028,0.0045844331918355515,0.004626369778167968,0.0011790524509956242,0.0031260916660982192,0.005062386844265095,0.000449871082916916,0.0028571996664373232,0.005258087267674461,0.003160595328962344,0.002563363822105588,0.0028253884653972306,0.006593600346973785,Mestizos
0.3183098861838085,0.0025405699829744587,0.015928785953373596,0.009569053130915614,0.009916683843113332,0.0014752589409209257,0.008184401909234237,0.00774654760439302,0.004267963216989556,0.0015067268766347564,0.007746415338353296,0.002162010606875438,0.014408276051678081,0.0024789504077407532,0.008203065370451578,0.0038859846835881564,0.0018042629888503896,0.002187926964268723,0.005823157826916729,0.00043187273983565745,0.0052197566786811875,0.006129130211198352,0.001961778197130845,0.003068834315823705,0.009049269033018855,Mestizos
0.318309886183767,0.005207929704495773,0.018186046643083542,0.013240588480388562,0.0020346664222570753,0.002361762166018517,0.00790509417627779,0.0053472184329630785,0.007314034462232359,0.004245289264509151,0.0056500318116725025,0.002636560302169159,0.0195722947643356,0.00462819890075174,0.0033269216058546963,0.0064811373970090165,0.0026529285266465655,0.014746345509560917,0.007625379114544361,0.0015234835182695893,0.0061433895614312235,0.0023173819113870156,0.00773150055840557,0.0035796648972776335,0.0013129163547674968,Mestizos
0.3183098861838109,0.0026821956212959995,0.016861691315074926,0.009592475138819846,0.006341734339914459,0.0006458615116277231,0.010327081902012526,0.006692517649594665,0.004118101976127,0.004380382351749118,0.002633695315693457,0.000818997845334735,0.013101101092528126,0.006710987735021317,0.006351925516278278,0.005146685984390933,0.004284734771544172,0.002637441578823661,0.0035769112241690487,0.0010959654646725849,0.001052282539308269,0.0038401542010773272,0.0016865278710462533,0.001056401628142459,0.001941920145688707,Mestizos
0.3183098861837736,0.0009606286271442786,0.02088650690497661,0.006173251629101927,0.002948014336813599,0.00012440836109790904,0.004732020629472314,0.006796074093544542,0.0018867027352011552,0.0015671985285353681,0.0027373063924595346,0.0003985110597099135,0.013789202391654886,0.0050451049619975085,0.0044921375062091096,0.0019339821251382354,0.003505887082321298,0.0036828659783087734,0.003641313282632896,0.00015344450670854898,0.009752588157484456,0.00605026797937604,0.0050338120814145204,0.001063190131251075,0.004817252550343337,Mestizos
0.31830988618376815,0.00459025645702354,0.01569255619783603,0.0074691710265958455,0.0045544445028528995,0.006479389465011507,0.0027533359057682455,0.004276240491705913,0.006045106891310946,0.0035519845508110333,0.0062256382038504135,0.010439825683003575,0.0015222826515632355,0.004467931080394166,0.007156256533591202,0.001917306511477024,0.005372122669506729,0.004978735781106766,0.006431486537820709,0.0029180935968797996,0.0017327115488302563,0.0059270593869409655,0.009261748609574015,0.008349998642903167,0.0044749585175449585,Mestizos
0.3183098861837725,0.0003720712876682912,0.02681041941996983,0.008043542593404,0.0006401580995661904,0.00047088657356566627,0.014590737587001577,0.007874297085962245,0.002405860280013411,0.0014102896550295834,0.0018459829586761878,0.002444870644916511,0.0208992327021131,0.003488405752599798,0.005846096248261058,0.0005278791177523672,0.00019876056901567337,0.005352244426917049,0.0030614253432588133,0.0030635721331956165,0.003706486312129285,0.0022011741948531807,0.0013393080543364494,0.001144352444988027,0.006787942252187518,Mestizos
0.3183098861838165,0.0018884725820882311,0.018902813992889622,0.006066511861729489,0.0010904600013409312,0.0017746751980269424,0.00678313300134864,0.009445485897225561,0.0031008310872988917,0.0062793200535129845,0.001185680016825621,0.0018882887766972437,0.01857841282504674,0.0022115936981812277,0.007686939367784443,0.0026496308765788087,0.0033246613888185993,0.005951388396749802,0.0036057519785549657,0.002699101990467209,0.003224373147998293,0.0005576165367765851,0.0016009669922560207,0.0044337940100758755,0.0051269796445384715,Mestizos
0.31830988618377,0.002021841053556188,0.01881149912819111,0.016329171938943787,0.009367169946911535,0.0026375748948113086,0.004675778841585906,0.013175435549339774,0.007658809229379902,0.007865061242470767,0.007939934460822595,0.0028647009773757363,0.01534823887332117,0.005026347435872482,0.010538751975949598,0.004774853961695118,0.016972998137159034,0.015564579241070742,0.0053290560705951985,0.0030212933578488226,0.0016095650063842632,0.002393856452611481,0.0032375506951270536,0.002881589877772976,0.002821510409061238,Mestizos
0.3183098861838116,0.0015509141312024263,0.014759185779777221,0.009676149919497532,0.004612325461071692,0.0024655199292868512,0.005779271694765885,0.007108859200913422,0.004903324679624132,0.0018648853789067878,0.002912264189659643,0.004928852028012372,0.016374059690451716,0.0029605455875078702,0.007239480875853699,0.002925667675625844,0.005184067437044199,0.002831597704173949,0.0016797939799146743,0.0017568397829861066,0.00103170634444553,0.004928336517152118,0.0029991595751220936,0.004681971919542622,0.005856225680375757,Mestizos
0.31830988618377487,0.0029330053984818636,0.023394788319833923,0.0084669850613966,0.0071254891658298625,0.0008564405212407029,0.013580739540787524,0.008813631790302045,0.003021709501085559,0.00665450742150457,0.0039092639334925615,0.002670147379113507,0.014254075588080265,0.007287363069025609,0.003675433534335566,0.002627824663363725,0.003511979427800608,0.005733567623134138,0.006258011307710477,0.0022996050376454125,0.001486977231991276,0.006243186043264992,0.006945700672599761,0.0011238085014873796,0.002721983399746431,Mestizos
0.31830988618377715,0.002349192857755547,0.02210261015235041,0.00937414509257725,0.0025838454931151355,0.0039519594391126565,0.015971979079561674,0.0025817569961068504,0.004702502613152434,0.0029618918984545763,0.0025497886205318285,0.0060420830872927635,0.01987303666056849,0.006462650221737004,0.0020181413314944003,0.0046251283669983085,0.003852193906041638,0.004844990532065741,0.002827255599878344,0.005337397591552965,0.0062121298532961545,0.005641267674125876,0.005026386370348924,0.004047411693383664,0.004015736635042565,Mestizos
0.31830988618381406,0.0009185241375741866,0.01496426568034785,0.0066922329275739285,0.0024071714416118222,0.001177625169256861,0.0061265152947833175,0.006890691466522183,0.002952433425053077,0.0048036595090158105,0.0023778754704089126,0.002549280634871316,0.010863261335548437,0.0020874087828445815,0.0050479224114672715,0.0011444595962584682,0.0007164956003030803,0.004740473003964358,0.003881817176877674,0.0022236867657298236,0.00523981426803315,0.002541813878542439,0.002297705686351642,0.00380276802794591,0.006273463379115904,Mestizos
0.31830988618380857,0.007117545866592023,0.020682537227554962,0.019478359063698634,0.0014549013464222812,0.00512065756701687,0.0003256210510631371,0.014443966181836177,0.01084918821616784,0.003511632764022577,0.004409178509347676,0.009469094249212015,0.01238670000029835,0.004263165710128284,0.0031701905785300913,0.005393876701345993,0.005024701169839202,0.008826633743480335,0.0033440499361477817,0.004658834866291715,0.0007564216288322908,0.0077584112091143255,0.0024323604500489076,0.0053906050727894035,0.0015610191023361156,Mestizos
0.3183098861837692,0.005010550894871311,0.026293823978068273,0.009503118421839079,0.006152180256159418,0.003634617466628027,0.010367433007157532,0.00944770974634255,0.004155810707476836,0.005926345052784225,0.0035180380912442745,0.004476317433519636,0.00753733555363848,0.008126661539894494,0.006883976105922998,0.0029563325621531017,0.006161282097973202,0.010847832367746927,0.006260403665992607,0.0006652967294508475,0.012449317023937279,0.007572089264988872,0.0060211478137153825,0.004237808143825625,0.0037474531030114062,Mestizos
0.31830988618380096,0.00662351486097881,0.022401339306101855,0.01606910930033231,0.007975211408572536,0.0022759335998033827,0.014900737640049858,0.009221679303415088,0.008198834519868258,0.007657434613031547,0.00938492943130419,0.0005454186786070856,0.011876162529883117,0.003514354066111769,0.009786168795865005,0.005107892614699127,0.00110496934795564,0.004938458101268789,0.005353183083650143,0.0009066511900421681,0.002260803279219528,0.0009294972416746487,0.004435579390773841,0.00392381222668269,0.005803737234275345,Mestizos
0.31830988618377243,0.0009321794195439406,0.021848310813738385,0.011499204044212567,0.004450099538429714,0.0011105332460930714,0.010327037462211624,0.00903169483260721,0.0058843655255350754,0.004729967099361326,0.0028860049898019585,0.002663236606728986,0.025762430266921474,0.0027971048905797943,0.008688229110874123,0.004895977628875289,0.002469679249746257,0.007273806704395401,0.0049801327824377534,0.0025692375859786777,0.009649057898449007,0.006247678734826792,0.007699908539693353,0.005408853962665229,0.005445294452876585,Mestizos
0.3183098861838026,0.0013048468167253908,0.01940466733656272,0.011356775142805161,0.003962511796996477,0.0019319384580462045,0.010177071023936874,0.007644172193102558,0.0043210492685775035,0.007217314633940125,0.0040276969242889525,0.0013696648348390612,0.016893810887267748,0.003630995112955524,0.006297547478591807,0.0027937420124782885,0.0036307501335933164,0.010780903280639607,0.002939901808775072,0.005045100247847366,0.0009298549975234968,0.0012990567232064709,0.003316742620780478,0.0007218983600552183,0.007595079510444176,Mestizos
0.3183098861837743,0.004166063891917835,0.012831263537360901,0.009889494687237611,0.0039449440014696895,0.0038889112442417858,0.0037281942962048686,0.006561433134978599,0.006267476273361339,0.005698846272911487,0.008482550650482756,0.001954924729723483,0.017484182208328543,0.0035862275428570423,0.004053566539279314,0.004925495383434592,0.0014098768909822652,0.008133864947257242,0.010350219932658273,0.0025741194007392033,0.006055921067255464,0.0059543175724016545,0.0009353759487731352,0.0034910504855640034,0.009051132624966951,Mestizos
0.3183098861837882,0.003015136280289866,0.024790221943717633,0.006904324774880795,0.002097703899068593,0.0022667182920766177,0.009332156129931211,0.006974433131673726,0.0014092168625932859,0.0012846946274340358,0.006131111706537524,0.00404406108985522,0.006330600216944078,0.002128323524668062,0.0010153714778318574,0.0016596205665186897,0.008887311956491896,0.004193068748681693,0.0066245697719336345,0.0055000577703116765,0.006286905019893051,0.008206550399003138,0.010294506217291206,0.003985516799273544,0.0052731503151695475,Mestizos
0.3183098861838008,0.006227386640265155,0.018626045970406672,0.010085848200297426,0.002472342624648094,0.003949350886082221,0.005257867267544127,0.004206245363609419,0.0020696582351455157,0.0023831185050737554,0.0019913709400089905,0.005952798331130858,0.0056454905345435,0.0015417776214524258,0.005684260291334295,0.0034840713945455586,0.005081614013115448,0.003430923892325196,0.005578715548494224,0.005317737923375139,0.001981164481489262,0.013527319275915786,0.0034607394481913716,0.0033642234813275186,0.005415965327520712,Mestizos
0.318309886183788,0.0006107987560485891,0.025867746604712607,0.012516915802187353,0.004864771151617283,0.0011308296498226957,0.013493008169770624,0.011116939258820086,0.0049589413751189625,0.011698851454196043,0.0010866161292964072,0.0032048737211780908,0.023616234015520026,0.0012519167300912059,0.009277400672926156,0.0022153466715795936,0.0037597884713106186,0.01471692318852193,0.0008966829144785505,0.005342752317170622,0.001997119102155472,0.0025687436672369906,0.0016284601842516543,0.0012051897366620568,0.0067508890513547325,Mestizos
0.31830988618376754,0.0035759924142566187,0.024493110494103198,0.005826308257074448,0.003644818810430936,0.001171547958893025,0.010734061903046451,0.006985891544424577,0.002830230195461426,0.006399635137932057,0.004473587169620196,0.004696233178640202,0.006166126992062205,0.00458099046889741,0.0011070790415027433,0.0017109118891667045,0.0046359799720036305,0.0037406247039932774,0.004574414724864951,0.0052890171931850635,0.00630085149498428,0.007554472136976678,0.0006282600725558732,0.0019275458676885006,0.006909838346740356,Mestizos
0.3183098861837743,0.0033667081919954932,0.0230560110018864,0.007700342230420263,0.0019374832118130767,0.004123574898345791,0.004088770303072478,0.00827878431135896,0.0008848704596663162,0.002297023108315651,0.004247719457658656,0.008181741029729508,0.006204491845054283,0.00920329159817517,0.0009383443763602348,0.005550458476105702,0.00782668542323485,0.0019464170208713975,0.002255856909564484,0.0026569067231758743,0.007481840365221612,0.011097548662125596,0.008978479438851203,0.004988856699797168,0.005664140801599667,Mestizos
0.3183098861837838,0.0010332007304188588,0.0236857821059637,0.008118160648268102,0.010524310613025539,0.0005426123839864619,0.009232179238798557,0.005744028819800395,0.0014364929075321102,0.0028684324896204594,0.0032218049192332576,0.0031099679335641686,0.015034708866523291,0.0038410513673417307,0.008312781167031477,0.0006621015502569555,0.0011550148664440643,0.00336297335695619,0.0030344985487469707,0.002079779575833426,0.012083813080744509,0.00606537074757685,0.004389403553410687,0.005764353392523332,0.004776771949056702,Mestizos
0.3183098861838104,0.0006947884361279627,0.01949871626853713,0.007815929449796429,0.0027869135783479826,0.001029310711384523,0.008786433335009879,0.006877524705816992,0.004951681147590831,0.0015739758876654074,0.0006134482504042859,0.0029370488454915473,0.013057410666355344,0.001853505409481478,0.0035067379701515687,0.0031492109900108697,0.009394493816545805,0.007449987373257341,0.004912204783613215,0.003832284257560925,0.0029000357851848403,0.004596611655418733,0.0036211206390800174,0.0013833369913212098,0.0037020188896457785,Mestizos
0.3183098861838052,0.0025101199545340433,0.009437840772224971,0.014001125112449215,0.0076244084813329605,0.002364084510827091,0.01318702100935512,0.0046345179270853515,0.0031215256529497203,0.005364328469878742,0.008401511142954067,0.011468739639335514,0.009649530699988775,0.004847323933011699,0.007821999968847458,0.0021987751159676197,0.012144117298690799,0.005423550717921358,0.002075650225895619,0.012854410685828195,0.011494683438715144,0.013095687012519926,0.00606058378711741,0.006089631920801774,0.0016318012320650195,Mestizos
0.31830988618377376,0.0039046008034878308,0.02974104373980518,0.00602694652792227,0.001385379024858533,0.0019670109634164655,0.010897497578292632,0.005585708878131061,0.0012500214034037403,0.006666170988251791,0.0036610205733298407,0.002500339866731188,0.0053201991738263945,0.005782860888866846,0.0030172100494995557,0.0032337746508353084,0.00585988828958814,0.009795235585263117,0.0049801491430163025,0.004769013437338037,0.017820436756946625,0.006807854814978092,0.007542270082218681,0.004764932887735968,0.006310352344554768,Mestizos
0.318309886183805,0.0005444059301308243,0.020839184957097776,0.009004189362457551,0.004264866671679252,0.0013183155481088843,0.009898515790931463,0.00785374983027542,0.003767957634473634,0.0013994924502146577,0.0010374057702565074,0.0011474766625553315,0.017581357237800285,0.0017205046836483607,0.0064262120763620605,0.002504757513058183,0.0019041347575873525,0.009649352339132913,0.0030323126059635065,0.0022972083498708933,0.0039476451775805055,0.007710007675449834,0.004903043940829963,0.0018422097237753077,0.005230423705804453,Mestizos
0.31830988618377826,0.0049422443607044795,0.018853528022738864,0.009196331519538541,0.0020661359069316754,0.002362825877470799,0.009549696973234803,0.005320462820768255,0.005107377245022994,0.0025322881799321358,0.00800635782182941,0.0023609744563183642,0.007611440995756934,0.005711324018282605,0.005342152090957332,0.002593931041252509,0.008345020020120601,0.0036145315048617655,0.004901166509268705,0.0008324826968071947,0.010046766412816275,0.005768382993331926,0.0005932385885907632,0.004192941452156552,0.0027057582840048326,Mestizos
0.3183098861838067,0.0048154134973217065,0.02543232928076046,0.009399995256452473,0.004117933053303574,0.003022622764571758,0.016851091445206162,0.009313994360922026,0.004399783027876975,0.00214390692370759,0.0036192718083780306,0.002003237195659591,0.019296725667502276,0.0033614787015130206,0.007766797567732902,0.004094979543783897,0.004431620217247968,0.00961202169134458,0.0027795498046102748,0.0004895897231494548,0.0012848785056789756,0.001391234291349645,0.0011103803663046878,0.002638119164700473,0.004130752051057195,Mestizos
0.318309886183788,0.0007298804490686365,0.018277500544590625,0.011694487502848397,0.0035754366875542344,0.00039429430995709596,0.00462178646062023,0.009696244522722764,0.006949893610447191,0.005891559466802344,0.0010510640737728186,0.0017734411297575688,0.01892574370226231,0.00438492909239508,0.008512113497054177,0.005411775684213489,0.0043579274809406035,0.007999197740298525,0.0025381291714422403,0.0008489621898909522,0.0023396715440344726,0.0023570294850186516,0.004396704547897297,0.0025440188588377677,0.00403929516115556,Mestizos
0.3183098861838152,0.002037645848375335,0.014899666498568038,0.011797450862776419,0.0030711385433944143,0.0030755957289665126,0.0013372437842865896,0.007692375655473457,0.006618287864416241,0.00279864181780919,0.0010025415114179174,0.00443992534672249,0.01484589169118093,0.0038621988459723363,0.007316492667498598,0.003978585005835753,0.007023446120402491,0.009708898884188332,0.005871820393177269,0.004891744165324002,0.007548952958457953,0.005436800185167164,0.00415638883005252,0.00257068026420465,0.006124906049342007,Mestizos
0.31830988618380807,0.0010340610959700695,0.0137267620463461,0.010367329527755483,0.0015371658684193393,0.0055291400558889455,0.0022626288537102436,0.0061052887901465154,0.0017968706328106928,0.0003204089023701549,0.004870690455975295,0.013844574243460951,0.0067741838757280496,0.015134833318254569,0.004651538753776672,0.006628794002399824,0.007437306949299794,0.0054359726610255,0.005616003172619115,0.005637947528228343,0.0011600009942419058,0.014690051714379534,0.008110859813955162,0.002890638836456426,0.003322454712086423,Mestizos
0.31830988618377837,0.0027102763864064686,0.018277994520325757,0.008117846497659582,0.007382094419032678,0.00538904475019973,0.002975860059161805,0.006877342503183339,0.00165665538079841,0.0034480990307000467,0.006903397695507539,0.010356463429827588,0.0011852507246071376,0.005844809798365428,0.002057421612249856,0.004611534439326873,0.0059565983824492455,0.007204543959276289,0.004990940450438106,0.0034667626325166033,0.010952941430657602,0.011393722008396877,0.003909436974612289,0.0012066982499817425,0.0013639964405187438,Mestizos
0.31830988618378214,0.0011591650885935728,0.017768871463981456,0.007904313213048166,0.004308045168208829,0.00014672819153487593,0.00917781972189024,0.004989264584545924,0.0036454883309161817,0.0031323303548582183,0.003617278994455076,0.0008126004241511506,0.01536462469980222,0.0021886127659785574,0.004736568624324664,0.0021611216887692532,0.005983721087560891,0.006176241128467899,0.004348640527774731,0.0015438748296054945,0.00015904798905172092,0.005515941563533465,0.002080251333894479,0.002088652384667019,0.008915207442508847,Mestizos
0.3183098861838039,0.007004166266849934,0.02961582019079905,0.008710363339653594,0.010752000765066782,0.004626912837763938,0.004855066000411057,0.007133828305728976,0.004503736164177126,0.0014435124981044562,0.009249070278522427,0.004256889811140921,0.006138563447360296,0.008866630663861782,0.00680103290431483,0.004074444090706611,0.00509833939149265,0.004954660695753503,0.006331536468068079,0.00033554596988989564,0.022666552161920313,0.008424357415395888,0.0027945847464066684,0.0020333337946074853,0.0007437636905963868,Mestizos
0.3183098861838068,0.0023346738762485154,0.012440313455751903,0.005432360653607467,0.004213381294823585,0.0016919077179984256,0.009366257185131793,0.0021904052532514266,0.00296727521498213,0.004336299483904458,0.001606413977520472,0.000789123670687686,0.01026943930978488,0.001653373125561484,0.0003616623753266145,0.0016218098811027744,0.004323792684252306,0.0014679362483098926,0.00224530905993539,0.0031248640412833385,0.0010372292515041924,0.0018229327313816482,0.00042091825347183266,0.0019415923694263031,0.0037848575573726983,Mestizos
0.3183098861837932,0.003308177230632111,0.026614332814791128,0.011595480146132086,0.005161614867996638,0.0004743238572621576,0.0172252382994197,0.010456896933147853,0.0032695975639639037,0.005901282703047844,0.0024405751232061622,0.002544474286789044,0.018330980751507894,0.0076900378668161755,0.006715845316237523,0.004355502149582748,0.005177930024132793,0.001343653675695001,0.001548117574304161,0.0017630312318306913,0.0020840771071036985,0.0037010493946079033,0.0019766653923031533,0.0037079576215027126,0.00288669515683827,Mestizos
0.31830988618380124,0.007430969911395479,0.023208398874483283,0.014351412366911842,0.0021548968724451104,0.0013042127722140268,0.01662267846140985,0.004461963713001848,0.0012866390771383426,0.0006341375667486696,0.007083270936944956,0.005492801649685064,0.0021844977310679354,0.006762705854677262,0.007353178231086325,0.002118877233330641,0.002612097448304741,0.00729841018497288,0.011543973936141849,0.006567713495984118,0.006056229779221242,0.01028491313468964,0.014160052901267432,0.009723389293930997,0.0026469750797685717,Mestizos
0.31830988618380146,0.008177772853761214,0.027349605281151042,0.018927477458165167,0.0166771566620891,0.003435010674253092,0.009446174642796061,0.013527403041205262,0.007262869936467785,0.0069101235203885255,0.004362328138356852,0.006455246027486879,0.012473727039980467,0.004583813287423387,0.01064779380904072,0.005932794508176657,0.011697526852689575,0.022665322345918767,0.0034958235715091394,0.00409796444592363,0.013525461246413338,0.001895816548862004,0.01672477475239658,0.005755735875110442,0.005739862829201363,Mestizos
0.3183098861837715,0.0036685024461068014,0.018213126969962162,0.011099861117474663,0.003877052699512677,0.005121384301078614,0.0021360233013825087,0.009618716804063678,0.0035844816108046413,0.0023871660832542134,0.007365095538686843,0.0032176946066943607,0.006061671571660544,0.005112043571506007,0.002220158512426491,0.0005655408327519018,0.010328030146375495,0.006620447124989493,0.008285522679343264,0.007446754910040715,0.012007052549493503,0.0008245523538783698,0.015149704184505848,0.003077320151891535,0.004654461434842393,Mestizos
0.31830988618377637,0.004273865594534685,0.014583321501062773,0.011278625867486819,0.007031640767140086,0.003419038323148015,0.006447717103135465,0.006552858233609085,0.006702411471458315,0.0034100037221125186,0.006252525734868578,0.004095904872714911,0.01640573869397216,0.00403623618541982,0.007121832731765479,0.0028418370680173915,0.0047518838209260165,0.010278026935177114,0.0049071272120763945,0.0016567207593218376,0.0004111377880738532,0.0063645867235211945,0.005053479058440561,0.005251547537611643,0.005127013001713301,Mestizos
0.31830988618379913,0.0046714182041489504,0.016587584602843958,0.013395674027068087,0.004050910932421119,0.003099985071429931,0.0005484572320484384,0.013498000600159562,0.005032301290116291,0.004565027881610787,0.005304968129835043,0.0024000737077539635,0.013375962614472684,0.002583240416420902,0.014531679537461786,0.0052460531408071555,0.0019056540826783012,0.010025941294134571,0.006816055869343992,0.0015397138755863856,0.0037781180060806234,0.008029395795101412,0.00511607005976949,0.00348616926471962,0.0036843258324257785,Mestizos
0.3183098861838142,0.006251352742651995,0.016311967020105827,0.01372001672001338,0.0016965115929515207,0.0033636250614571352,0.00020958122956652944,0.012628957610750974,0.006611500442558209,0.008048702738857211,0.007383132484159561,0.0033116808292604086,0.012432763520735529,0.004423489121968035,0.005554042794402248,0.0033930988672129982,0.0029214611511901327,0.01321884250440029,0.006659489083699903,0.0013814600138582502,0.0005445263200344945,0.009674297212913434,0.003943434398960847,0.0011366743068389495,0.001998714512480829,Mestizos
0.31830988618381495,0.0005884979829603329,0.020150855619136432,0.012736112610920019,0.003607997725993389,0.0019371241316437173,0.009146468605540177,0.004618164881171091,0.007062649663233598,0.00844678364313046,0.004894118671663914,0.004401846149166811,0.016213661944135673,0.0030088213007983815,0.00580992972294331,0.0035675478759778782,0.0014745422650727278,0.005098338791642711,0.0033045770917839493,0.006039432775818922,0.009364215876143918,0.005401451898372321,0.00563073684183838,0.0022314351274095308,0.009709352856423712,Mestizos
0.3183098861838117,0.0010898337018568802,0.01597240542367743,0.008239934131722438,0.005528020660681594,0.001045842082815479,0.009493148579497996,0.0045506259703505525,0.0027005595827015267,0.002373254472514794,0.002386971870987629,0.0009851758986202832,0.006924236702446516,0.001545751327911361,0.005321622761674266,0.0034951964554640535,0.004081281299250131,0.0017456300194573374,0.001872324939723537,0.003889757821733667,0.0064346497390455944,0.0031405948006652216,0.006440013668574599,0.0028593052767522066,0.0036747782915067034,Mestizos
0.31830988618378414,0.002807743520247576,0.02438859878792456,0.006938654135946829,0.0024728570380696583,0.0024184987132366254,0.011521534336086362,0.006317560864131453,0.000923799668490083,0.005943046828237223,0.0020033440515692677,0.005175782489952375,0.01107955194060782,0.0019740435759789793,0.002420221427069801,0.0030623463994460436,0.005071685116811929,0.0033786379840031033,0.00163819182729481,0.005184436899912755,0.009160465649348018,0.006236837287302777,0.005519646870819505,0.0035921859034567585,0.004162561398214954,Mestizos
0.3183098861837751,0.0035475234162878396,0.00905685645728151,0.008226930497314055,0.0027647404351342246,0.0026136883725979693,0.011983387567641179,0.0043059592741845785,0.006874074874321925,0.009642013025133197,0.004787345854784681,0.0037044414145503256,0.0018225764375196607,0.0034219954607623286,0.006297255345325809,0.004598086736830521,0.0035697525367047117,0.0001766670482317102,0.0055767987907288305,0.0031721616232108178,0.0038915225342977173,0.006358515106300366,0.002351963184133132,0.007469765699988768,0.003970184999937344,Mestizos
0.31830988618380707,0.004862840419045795,0.01962248374512144,0.0119542048626972,0.007034897821750527,0.0016257581609523258,0.003570688858423199,0.008766345655122179,0.004791793782711053,0.00928862480503428,0.01013358990678947,0.0027883186538093527,2.16063371211954e-05,0.011207138074934593,0.007315772432533218,0.002002118719730775,0.002659010496580787,0.012553825278338085,0.006658680415352057,0.00479417848751863,0.006947059022316416,0.017704751197597377,0.005658013200750974,0.0009438426287718634,0.010046144390956342,Mestizos
0.3183098861838013,0.0012343224446112226,0.022929198772675713,0.014762130066822499,0.0031157219439349394,0.0038552798983243273,0.008386398999048307,0.007907617087147123,0.006903851471868745,0.004443749941644148,0.00842358646801231,0.007179066309380389,0.010639759732404263,0.001426521914015766,0.004698834723877377,0.0050593411170189355,0.00946146513669018,0.010691202583542548,0.0045558291350107916,0.009600239456798651,0.015882629032057935,0.00335799099045882,0.008916255410250122,0.002486823205158912,0.003042027575815531,Mestizos
0.31830988618381245,0.0034876435128571863,0.029457794779630196,0.01250362615550878,0.01068018942256706,0.0018717545353768563,0.013891708058690678,0.012590845070535914,0.004707607244774667,0.008297598240542787,0.007360536964733577,0.0030567083076755938,0.019150138023125273,0.005410620334895045,0.005393136516074247,0.0028926634740211606,8.240602244715924e-05,0.00583931003980607,0.002928056901513529,0.003725457655063207,0.008633205938984116,0.005161639388578961,0.005267711640585452,0.0021328695460453777,0.00341103397547144,Mestizos
0.3183098861838044,0.004647046747597936,0.01804321343154209,0.014886420846605096,0.0038691938827007145,0.005453356040052578,0.0009220262290459034,0.01332709948642206,0.008365459925696324,0.009744109791416091,0.004129479423888262,0.007152685593800514,0.014964027791729645,0.00553443129430819,0.01273606641439991,0.004129174059732728,0.004322154209617282,0.013465105186625085,0.0042147398651445995,0.0004473941420215134,0.0029657082863131824,0.006323338600880695,0.0025412654842847456,0.0062099643275964934,0.0034842119593106223,Mestizos
0.31830988618378064,0.006916709453736136,0.021981366593699952,0.010812729573325,0.006321412278853404,0.00199521717883185,0.0035016736008913084,0.009141427331456727,0.004401506540601586,0.0036195151587488394,0.00799992343232021,0.004502703044004955,0.0054209124865521536,0.00442563989235355,0.006190271114652032,0.0029569685703122587,0.0015896491395361123,0.011679422445463992,0.0050599543152762315,0.0039021215335755003,0.013074270749067743,0.005419233395596037,0.006660503874586473,0.0023652809966658137,0.0026094042022785885,Mestizos
0.3183098861837783,0.008049147669120654,0.02297481230535624,0.012250262822191396,0.008570036820576384,0.009540163989781952,0.0056467753769333575,0.007528625512672759,0.011273269516430625,0.007850121825946809,0.003756531542438293,0.016819473624597635,0.013868659494597443,0.01652678709203016,0.004101749680169457,0.006163405867230608,0.0020646094907431226,0.002332696267916977,0.0026838226084863444,0.003814838229122653,0.0051018304194540166,0.019307251267553022,0.01338188557808531,0.007217901003121768,0.010633880374080194,Mestizos
0.3183098861837943,0.0008410047451140358,0.02464123409013307,0.011561350778551253,0.0014956602934653447,0.0013043020161317164,0.0014542948012435807,0.012937361785680841,0.0042406786107080305,0.002981865579941884,0.003099910590324185,0.003155825049565092,0.014821391839897202,0.0027177027290197185,0.009739270242630776,0.0023016687992166197,0.002040832871815221,0.0110258509776956,0.0035153497212323873,0.0029299479438209524,0.010101493186515088,0.007059357343763757,0.0029900272860571802,0.004560261884291599,0.005058335936251599,Mestizos
0.31830988618380424,0.004552145933555468,0.019066284345511192,0.011934262475710044,0.0024810500870197853,0.0015410961001659394,0.0008969905297365136,0.01586598795176433,0.0074151101379485804,0.0013291735111812502,0.00837716184795601,0.001563085241291308,0.014364044061477944,0.0013616147607054194,0.012537923162287553,0.005902051294822184,0.0056734445756708675,0.008569770203143898,0.00710094707160285,0.0016610161760904044,0.005870220736381698,0.005302737702038894,0.003055249182100026,0.006064919972447564,0.006338168185262319,Mestizos
0.3183098861838061,0.0011871403312656331,0.018314387690444592,0.009684597159745829,0.0037203445345125687,0.0008707117254955613,0.004089992193914741,0.0093465871147975,0.0055527672697341665,0.008194316973608003,0.0030197925854820165,0.0029851349743635174,0.003881314841263766,0.0012603649761977896,0.005842709994878159,0.0023024653410221242,0.001213997340821322,0.011050792611037115,0.001452790832599681,0.00440494103445886,0.010087738588358054,0.007996060661435926,0.0015167300212270854,0.004294633042538011,0.00818611069388688,Mestizos
0.318309886183793,0.01034132860338396,0.026618373256733815,0.0235241389863762,0.007628001190813951,0.007348893144432198,0.007358661434944227,0.0140620095001864,0.01401998229368749,0.011350580949089107,0.00530005203949139,0.005348463721682857,0.011715243412091738,0.007039592845055455,0.003774416428875575,0.009134465118603224,0.009704014430338808,0.023426881427450214,0.0048471007666262035,0.0038471658964651548,0.011037828029145647,0.0032618372006966664,0.0158261464600515,0.004453660904957568,0.0029408825755469267,Mestizos
0.31830988618381456,0.001618867688585588,0.012360463731800784,0.005839425085024314,0.003875698694392293,0.0007740751485690467,0.005417224855844737,0.004909352348232442,0.002060141022347132,0.0024005203867554776,0.0023377294369747543,0.0022617168114288993,0.01270278429669644,0.0016051866203511355,0.00391972486896364,0.0008261761164698449,0.002737057765370258,0.005789325970153255,0.0027771911145204817,0.0014429953313108658,0.003115635389217099,0.005013531710318149,0.00518055738182998,0.002977901978867085,0.006398058240484686,Mestizos
0.3183098861837743,0.0031261692223701226,0.02992418933073639,0.010424144089034821,0.004971869890194618,0.003176001209359701,0.008706035956658292,0.007333385599294722,0.005144606717701293,0.0047228770692905025,0.006426166522428396,0.005720183206142371,0.009514157962185866,0.008429222179921881,0.003262843833059637,0.0019088855449770463,0.007027528948060851,0.006993691099735984,0.0036863860959748963,0.0039019275468115968,0.007451502901653591,0.015141581889178858,0.007070857915570596,0.0010539404978296503,0.005736189216408621,Mestizos
0.31830988618376854,0.002279756560149411,0.020285813520359672,0.009128032321308158,0.004055062624145569,0.004232070694826385,0.007338255299932562,0.006482053665646849,0.002906453564470322,0.00706738469261343,0.0028978446295051374,0.004343679605969208,0.01613165767275314,0.00607052506962167,0.00511520069893175,0.0033815396163347053,0.004581982806120961,0.004728256372035137,0.006247270956174216,0.0021472247286360483,0.005608758353456029,0.006785791030977567,0.006753074499499719,0.0030767464810745383,0.004262694568715672,Mestizos
0.31830988618380224,0.0015291119560372124,0.017992337185929796,0.007367259235550528,0.004943742821053097,0.003055932424528387,0.01018424733330932,0.010138331843991547,0.002414131108678073,0.004777898339438612,0.001902951550005955,0.005939239421116023,0.015329960340314303,0.0043140223663163295,0.005484780294620024,0.0018157542536080544,0.007073365065285541,0.0033303588099683427,0.005450022299479523,0.0009245476288088649,0.008971637188566169,0.0035647004233572833,0.0019275886433309517,0.004575390960931159,0.0020626859419023537,Mestizos
0.318309886183775,0.002585794337012378,0.021250199041141542,0.008852292869291012,0.0023023679838488423,0.003577223931092036,0.002916972296410633,0.008564712691269235,0.00235768683717088,0.01066436913359106,0.005218437255780303,0.005339501966409431,0.008246519558311363,0.0032041152223125607,0.006006510134866075,0.0032009603977494997,0.00515898467054969,0.005254235692481734,0.0025481842758667155,0.00351377645940498,0.015002933573654585,0.0018575874177910099,0.01193561191057181,0.004096200140407016,0.004612665414523058,Mestizos
0.3183098861837817,0.004058818025312935,0.028619447740924106,0.013014744200075125,0.004174114278809085,0.002148938544087085,0.01104956805826481,0.011565162668907714,0.00709372115363851,0.001926334565157313,0.004195534754904502,0.0017511053980527943,0.010878654037677186,0.0068595488078145766,0.0068762566014174305,0.007634952674489714,0.007838995903992363,0.006584130046679763,0.0015214709334547152,0.002053650685059184,0.0011675720261902134,0.0056602758168917714,0.0077622776515825255,0.005611657462889327,0.0038971126055180653,Mestizos
0.3183098861837743,0.003308647375274363,0.0317693605175599,0.01884880569112266,0.0025458270520383407,0.0011048221691072287,0.01518019250152469,0.013190889376864164,0.010012364480233509,0.006883200585007285,0.0032587237367874325,0.0042305418453908615,0.0166146825512105,0.002158861016690328,0.007645307859802771,0.005660284925086396,0.0017076679985708004,0.013270590797377023,0.004222033875243922,0.00615213948747171,0.0018117276894135596,0.00934496980085723,0.004867348379403591,0.001494136980370061,0.00655149428260765,Mestizos
0.31830988618378436,0.004987884970581952,0.025396418503768073,0.014182475108755862,0.0035876203355165543,0.012539934543885679,0.010636983533135651,0.010407092350825311,0.007779151130379888,0.008430600629351082,0.011093069667365382,0.017197923940575535,0.004025253205332325,0.015724003567503187,0.012885399545667121,0.008739748146853589,0.012904819512031806,0.0027551458832471083,0.011895708111265273,0.0067748054541260415,0.0076638193054383175,0.021477101286446,0.018049056649212823,0.009072453222331698,0.0057819170117316705,Mestizos
0.3183098861838063,0.0035090091408648103,0.033785671502263144,0.018834102659540122,0.012409173134735363,0.009329685595508628,0.0016107989545795143,0.013610935965908212,0.0029678886990382423,0.0039958407067227295,0.010206971569476718,0.01071866833094209,0.003073814379916371,0.010824915103346825,0.00039847329275793957,0.0020331092900304896,0.004268084202226595,0.0077459293932152515,0.012510602488583166,0.002829810139062381,0.013173846544380023,0.01657517684712467,0.01635257134094195,0.0009108328474857861,0.01062010257886556,Mestizos
0.3183098861837974,0.005893863186354722,0.02277303516174827,0.010239241267733993,0.0024393432342508475,0.010653304015202782,0.005557675604506746,0.0047059637788047165,0.007961996700967618,0.004932483743184741,0.010173186742289883,0.011315823957520734,0.0011771258466307909,0.0014962838883654708,0.006652771477958055,0.0027392055963817276,0.01005687847552987,0.009380938211445438,0.007060818930954939,0.009402122586240637,0.0013994285213694158,0.006971758288630526,0.009281816623742629,0.0039423050648087574,0.009764035180034825,Mestizos
0.31830988618380235,0.0031232101384862125,0.01973676629165403,0.014640330099343957,0.00260858708032347,0.00866540688013085,0.005927379844036778,0.009491677623584015,0.001620450949993084,0.0023964355843163264,0.0051501475466423155,0.011591564594729693,0.0006358054869606152,0.007073082060546672,0.005546632505756833,0.0020572854080668237,0.018033540802883285,0.006364359072767516,0.005151717476649491,0.004134455198356846,0.0039014351376944387,0.005778867482557496,0.01522396543291628,0.005715980649168275,0.0019619521916955747,Mestizos
0.31830988618380046,0.0007498736872938443,0.018922152128839853,0.009873493861375301,0.004235204562288314,0.0009996065094998146,0.007809160307135691,0.0076034203688730715,0.004186565684838922,0.0021450576010833885,0.000377015529450005,0.0015253117289115144,0.01544103051516845,0.006701937626162817,0.004458785093418645,0.0004792160099975995,0.0041466179168188205,0.0016838256614229248,0.0013610205568248387,0.004799256852268579,0.004910213947433215,0.0012905864521850557,0.00681902151836388,0.00527622377465069,0.010250569734668676,Mestizos
0.3183098861837768,0.003906424283799058,0.01863194817618016,0.013849687386039533,0.0046291611533796255,0.0034049021533804494,0.010102316982788857,0.008670052823733511,0.008487531900395584,0.006794317002399753,0.005576597809370134,0.005900853209672368,0.014657671918113615,0.003542102799080774,0.005828535238470398,0.005149102997874855,0.005437059717631852,0.010571432493146156,0.0037809879102066956,0.00417601787285175,0.0009289585673572212,0.007124516595313582,0.007061486454983253,0.0023047033219536295,0.003058318503483874,Mestizos
0.31830988618380673,0.001705033093869863,0.03152216610889179,0.01055947091924152,0.0016887163337967234,0.0074161893017331785,0.00405739082333596,0.010220640644386233,0.0019020624614668202,0.001574247752834315,0.010789810970447903,0.006114280804725694,0.011663712914187059,0.007711056085958232,0.004394634554016571,0.002637214682450617,0.009494774898201535,0.0005513485881063191,0.009711612616490272,0.003370446040188582,0.0038870153225215136,0.0033836726954110884,0.013748884925303071,0.0031692198951237785,0.003140908662704704,Mestizos
0.3183098861837769,0.0019577869558990288,0.02553875305122653,0.00691586348606995,0.002887066840537284,0.0021326968407747535,0.010823099941130171,0.010390867966980865,0.0020665278866230635,0.0019150236389565457,0.0011593681085163697,0.0015349276686888178,0.009245869892388358,0.00708310238160519,0.006386681056614456,0.0018537074210253804,0.003322515273880457,0.0020067936211290785,0.0012651056752845508,0.005836778088770464,0.011006803056538561,0.003106587425373452,0.002006594162605013,0.0014457569773653712,0.007116863057185042,Mestizos
0.31830988618379324,0.0023281563044543936,0.037379073934001895,0.014948210567677133,0.0056615184212557785,0.006312232776544396,0.004708967814620999,0.016858316536069166,0.004352067988731674,0.0039231052424971566,0.012618984667464672,0.005886863060386043,0.00517582831255281,0.012601128578914364,0.008309766436306149,0.0027074822588271123,0.011047119209910809,0.00944793974495846,0.011602527867291957,0.0035805578323532365,0.01569705955698118,0.014856696411064652,0.00953460790029842,0.005440888301331576,0.0040250826479287394,Mestizos
0.31830988618380224,0.007964766510700758,0.02329693741100394,0.01988924857533047,0.0026748128142278886,0.003620741928920077,0.006567834622089946,0.013995825361126523,0.012788273019020892,0.009627974083989356,0.010345368840612261,0.0061015634579416125,0.018748681628003614,0.012575551765682733,0.013858244941635076,0.007176158065193019,0.005412558231108817,0.02333261552793588,0.006786844570726605,0.0034165509282870305,0.009439966685966158,0.0037750176474784635,0.010437891141788346,0.006349552939434012,0.0010176070934923254,Mestizos
0.31830988618378,0.0013942280607252711,0.02100768800055594,0.007807749386880261,0.0024017745886624016,0.001789745963842643,0.005934187076953381,0.009392919586786974,0.00150733982113504,0.002873404490667182,0.004167473262143762,0.002214287737777719,0.011579391849650497,0.003711184712779052,0.003759536651253647,0.0018490682514107752,0.009575345864885614,0.0047089572971090775,0.00845984405175333,0.0037731895747426213,0.007980006775946904,0.008637423882860923,0.0031547978160133073,0.005450820870827187,0.007242001640498259,Mestizos
0.3183098861838034,0.007762189526213601,0.019383983908269207,0.016395735912516154,0.0032079607416316525,0.003305033144870906,0.006155623368262391,0.014161669293959822,0.011354297289948682,0.0064493851800415,0.009695913848071004,0.004845859432489269,0.020097920584010803,0.007852826019387985,0.014134200104161481,0.009663214096673983,0.013748852814822753,0.023568546778319273,0.007358075023273165,0.0023844960374891488,0.001098855351377663,0.0009062945119976832,0.009839011339640345,0.007695844522710649,0.006366383731779837,Mestizos
0.3183098861837851,0.0038691777721470227,0.0315356019263891,0.008629589968563398,0.0026361662991929726,0.000803820882877521,0.016588056519819663,0.005988084970309641,0.0037372266794585647,0.004464798876260445,0.005150540496548118,0.0020114137559273993,0.011632997200615489,0.0037461465493154617,0.0014826357376177227,0.0026902112225612104,0.004878566766855715,0.003321551180331039,0.0006025456115255844,0.0030237228448814265,0.014074107684764225,0.004104992604148109,0.0026238011753955625,0.0023540986723347736,0.005421718113731548,Mestizos
0.31830988618379635,0.005453078421653478,0.021316220157490615,0.011573750839481513,0.009069276181081313,0.011886283252802879,0.002605740048370188,0.009112813656333183,0.0017754488471772236,0.0054444021191783305,0.009124408771581756,0.01017698309595134,0.002868059901868854,0.005978551198110764,0.0013072344421724547,0.006682462430346642,0.004763553922290304,0.0005644894141920311,0.004861849793692608,0.0013599200877574189,0.009459182900341406,0.007991175660167505,0.005198775219193784,0.004354268213280528,0.004563654432207979,Mestizos
0.31830988618376543,0.0008714053189008981,0.02104899835018463,0.009723483506244846,0.0017493057772137441,0.0016133016493945888,0.012117152643048221,0.004870427917135471,0.0057210711296415235,0.005534747940144947,0.0023427630465802465,0.0036447577659792347,0.017584682419591345,0.004104407662965122,0.007292653360649434,0.004555230845393396,0.011544572052249725,0.011285329351963708,0.003491207199751656,0.005418548255487762,0.010608877369325658,0.005474392868878616,0.001344964570426945,0.0017125918957235974,0.0053853082792244995,Mestizos
0.3183098861837979,0.0018449226898810851,0.02342064385168143,0.010689532055768442,0.011024182338104918,0.0015094984214076533,0.012928941259174554,0.010223961975223211,0.004974722031180229,0.0075582019511137655,0.006071844491587508,0.0012647150021466514,0.015764232309847696,0.0032506481431344666,0.00667202983941477,0.002099806220236569,0.006047632051052096,0.003911337579986412,0.002938232772888764,0.0046850087326899366,0.0036847878998762223,0.001933538935446227,0.0018044592253018096,0.0028444617656598835,0.006275293141656533,Mestizos
0.31830988618379297,0.0015621832410158381,0.016096616411102067,0.009694323044442807,0.00345401105742408,0.0024579695823840923,0.010752932853775897,0.007725527221879156,0.0037247995258858106,0.009712457450134706,0.004143867317007018,0.0034461198505569847,0.012461717196324397,0.002025352992942359,0.006448748321695594,0.001780316404817224,0.0031562907952254393,0.003959360073574446,0.006482278393553,0.0055198745771479875,0.0009249568777666233,0.0020578601447391364,0.0028623913007025437,0.003902480607498215,0.00467516966303813,Mestizos
0.31830988618380746,0.002965135524134744,0.02088011679037549,0.014388072708568914,0.012158049435416011,0.004076621321977319,0.003822792325953864,0.01027991542906513,0.008286918926823131,0.006509031860845294,0.0042727748420693865,0.002488398989667254,0.010513902147560475,0.01102758984196049,0.008883283917235224,0.0039016339000678218,0.0012902728604857082,0.00542376916241214,0.005722630151132752,0.00406244664736573,0.0022315400993043965,0.016227575265432555,0.0031189730477047383,0.004864282385832706,0.0018608417335956912,Mestizos
0.318309886183767,0.003294490378823209,0.03847267061312917,0.011003523839625344,0.004518924277125178,0.0022092064624389183,0.021188970719432317,0.015919941533736284,0.003761376251319345,0.011874301732346678,0.0031938283494549564,0.002444209652065667,0.022777634697726867,0.010138866138491751,0.006858531029594511,0.004847351554643542,0.009250095630582026,0.0025969812712273404,0.0030076907634290504,0.004957371923142878,0.0058875287622602735,0.005043439631168824,0.0016183178225182714,0.004918935840849286,0.0013697742341863297,Mestizos
0.3183098861837706,0.011663110900373893,0.019077348679465964,0.01926990173103541,0.004567696043750581,0.009001250841060238,0.012914356858288924,0.0014389993891481862,0.007996909490444428,0.004035659553239691,0.007622347363930031,0.009638585625385812,0.009152248484095134,0.003785264969323527,0.004684291905493563,0.0012261262851201184,0.007030644669634127,0.008656214060355808,0.008119657868061545,0.007972226512348858,0.005556050865719821,0.021959276799000244,0.01065830490747299,0.007329032243295904,0.005305046189592726,Mestizos
0.3183098861837903,0.0004991012530417023,0.025106247964608835,0.010537577665114829,0.008361777746432838,0.0018246188848170001,0.012161263879263548,0.013915336929538192,0.0019463733161773477,0.008676205160876048,0.001997992953336343,0.0022427968856657417,0.017789434961253434,0.010820550287750383,0.008383476062269638,0.0012341507737050627,0.005395110194698344,0.0031019418068443435,0.003679146533297017,0.001965843867603979,0.000274236636463452,0.005581615478755636,0.0010050029239995098,0.0015954392249190505,0.006865252908261362,Mestizos
0.3183098861837848,0.000978072950801787,0.021713494826535628,0.011946679763318837,0.007593697592502663,0.0013367258923792707,0.01044074725200209,0.010389763741561961,0.004410665801012118,0.003311840531740598,0.0055795545556417865,0.0023399986117344507,0.016541407826550877,0.008740625022460953,0.006116846809897663,0.0029551764241656014,0.008360461018578203,0.005400969614839365,0.005429390426118244,0.0012033436455868912,0.00260335261933048,0.003809031972387764,0.004511270166017888,0.0033203927768220426,0.004083341361054324,Mestizos
0.31830988618377554,0.0017361105701053144,0.022834747269436472,0.00796953044947435,0.0033285507126837406,0.010460940890821679,0.0022595864296033725,0.006245768785734469,0.0006757648689159,0.00938437293650514,0.006021071447907849,0.009157159154432968,0.004607601901951476,0.011364931036587853,0.005393520245352503,0.005198910224805572,0.011935189422212422,0.0022671179888757147,0.0025652204239955323,0.006343799813524084,0.00431227929784844,0.006802040552327704,0.0048504292514857375,0.0032312067269659283,0.001685173922516168,Mestizos
0.3183098861837972,0.0015026718732267814,0.019081957270208155,0.006903291695730268,0.0025184588798407427,0.0017103693885464949,0.008511932413174677,0.009382824278028518,0.0014898719092846637,0.002844931291946376,0.0016878120453965209,0.003499465254635239,0.012862353417824211,0.0010078416703920233,0.005801236106817133,0.0017683401153071462,0.002986585848928098,0.0026814033089390217,0.0024529129772930596,0.002067796227099178,0.0061375378212295715,0.00681127682058038,0.001137942233959549,0.0014962603329521874,0.0010668664761933173,Mestizos
0.3183098861837883,0.0037973166187059595,0.02017770279006255,0.0102948922234442,0.0056259578996816165,0.005139513936681823,0.0006011868727595818,0.00578050592946539,0.0006970606205683108,0.00749134064254852,0.006058691913164678,0.006842925515988345,0.007838684686066154,0.010325036156623023,0.006382387816032103,0.002234240479553314,0.008783567724896435,0.005018392461935412,0.0038831137698359295,0.0015763891253813558,0.005704574665127129,0.0031584576506264333,0.009016434949531096,0.009760600825169427,0.004913925822934646,Mestizos
0.3183098861838032,0.0063981584670153215,0.023397889345261384,0.004437677133488393,0.009919780301029546,0.0023952394871195495,0.011321861876901384,0.007685205963496641,0.0032385965395789872,0.00806731089991023,0.008633708441413295,0.0020077329399595745,0.011551991470414347,0.007772293239392646,0.00979936502526762,0.0025031569314805766,0.009245999362904947,0.01782079227029318,0.0029148310851106253,0.0031077729454618394,0.003918365961929184,0.006852648112062986,0.012447782994307995,0.001586088980319133,0.0039506588070302275,Mestizos
0.3183098861837751,0.00614440605142321,0.0214295520892493,0.018221151444012457,0.0015900380744527105,0.00632864788029721,0.013734868128079652,0.01213225706215834,0.010355884819568164,0.005240874436666381,0.005957148775228204,0.006236422430979121,0.025687493173230457,0.001721818864121211,0.012090159839073062,0.008998007604048956,0.006617705398330935,0.01564036571737191,0.009313721949573802,0.0040409421561497716,0.003926685032604671,0.007096960395319148,0.006488272416310877,0.003514861719429839,0.001979110224974841,Mestizos
0.3183098861837819,0.005526677924456472,0.00037854957980128326,0.002559368467456209,0.008055947262866273,0.008484890699006624,0.004555284365617903,0.003780665674020877,0.0027177468429956963,0.004224077285003243,0.007118135188681736,0.004529212404024926,0.003123924210994502,0.0019632596539244447,0.007013711333320052,0.008893284085419645,0.006940686776629872,0.004841742678990232,0.010327104800341411,0.007708950548537229,0.009663668785729326,0.0027351856450363245,0.0011557281240645691,0.010442864741108154,0.0053400793990299854,Mestizos
0.31830988618381545,0.004624520885443298,0.015531188833060714,0.011875116572942164,0.00659589964349454,0.004212199984017166,0.006777856490928905,0.006106476995272298,0.007727506096631601,0.00228736265348877,0.0077577310535205495,0.005806641227836499,0.009214533226538268,0.005516255458730025,0.0071598976606488006,0.004004019906003479,0.012301275241331884,0.012613132612209168,0.011418317168278068,0.005306833211124423,0.0096179267218812,0.004514225165070874,0.008869862901975889,0.009929199660432592,0.004313227469736223,Mestizos
0.3183098861837917,0.001854553090893212,0.01710274466149364,0.007875839350825403,0.0056405078910759,0.004111984868649958,0.005299831757349009,0.005417519926509348,0.0007076731776521682,0.005569484750815273,0.0022602780074992153,0.0050183831036160805,0.005283997025718061,0.0038868004805297065,0.0020629718638741973,0.002516419904735964,0.00512876944887187,0.002028574051572863,0.00620214883258604,0.004032381404753502,0.007173123233028595,0.006592001858701425,0.006310573692946993,0.0010004956973493513,0.0026011747058380464,Mestizos
0.31830988618378686,0.0030675135554066226,0.02276293549597575,0.00988816980231378,0.0038323243580287974,0.0004686517224729204,0.012873193308929684,0.004691892894545661,0.005394700551745622,0.005483561011055878,0.002963313246863414,0.0007323329994270647,0.01115374721918428,0.0028730120330766563,0.002721704029663895,0.005529167789736675,0.004967423069208895,0.004432641365639429,0.0008778584610913197,0.0006536925182738812,0.008690228973544321,0.004318262303177074,0.00219906979190587,0.0016436350787632735,0.00438435735027646,Mestizos
0.3183098861838067,0.0036013910200781013,0.02754338164535557,0.013487500205199846,0.008087658709393382,0.004088142260242398,0.010361102280564704,0.014093698036719912,0.006018409724288986,0.009642916665979459,0.006262868349896594,0.004204072737384295,0.010324316868798656,0.00440443474310078,0.007044175781699171,0.0033898397396871427,0.0031709365480094773,0.0013683380064632954,0.006115763277932183,0.006864790201613227,0.0007068126833964905,0.007012366619160491,0.0032755868062708856,0.003023694559886073,0.0017149300185941943,Mestizos
0.3183098861837786,0.005993266395817098,0.020204351304813094,0.015308429467856982,0.016763407105573624,0.0024241499127778815,0.0010942240164642251,0.016984535206598945,0.006206466150029738,0.007461133611137004,0.014619092259332746,0.004575254336863179,1.943190396114617e-06,0.007315692489279568,0.007692778572686917,0.003909378570477338,0.0027035864159380392,0.0013369337221469284,0.00985281883365765,0.0030253551622459866,0.009691207698087808,0.0048723745547697705,0.0015284973467272907,0.0022326368134977063,0.0037174676044193296,Mestizos
0.3183098861837993,0.003215054343678193,0.025798457545528033,0.009339232753573215,0.009889708352315372,0.006840725851553605,0.0046446465027902535,0.005365446231371897,0.007090455044317961,0.009014036004017133,0.006750838851025905,0.010620565663051812,0.0006923694113486508,0.0023672404986900004,0.006815500912458377,0.003229843949805351,0.010007508590463204,0.0070726899760037674,0.007704880662025054,0.00721791290999832,0.01484425249753977,0.006005068235914082,0.012525962364833361,0.004722512726406886,0.0018816637049340655,Mestizos
0.31830988618377704,0.0036989191376852705,0.025319461643863787,0.006997318167059051,0.010410557743362922,0.0019523890164520094,0.004603170445885929,0.01072450919472363,0.0006224539533761159,0.005293259480685335,0.0030202668327311425,0.006051073372862566,0.0035897125529287797,0.004368944110379898,0.0032625250093592123,0.002019025867408263,0.0009948673407984318,0.007431295450138649,0.0013772608969933545,0.004796344920484688,0.0022978368048241476,0.0066820819281205625,0.0039052320084049827,0.004610601925630737,0.0034661974985136005,Mestizos
0.3183098861837984,0.0026872431029761174,0.022083151329280033,0.007579374306893282,0.006947129111380994,0.003986986202882099,0.008323130018957601,0.00728617975523998,0.001695785949269665,0.004628665246958955,0.005581747546522724,0.0060410303034693184,0.009898359168197608,0.002337721858047309,0.0040623828846967,0.00042868617768218863,0.006700584875180659,0.0013861934598529812,0.004697158922774042,0.001202799852252671,0.010730277507148335,0.0034144196852972453,0.006090641322740091,0.0032819834938638713,0.0048178050776729745,Mestizos
0.3183098861837814,0.009247663354386124,0.015281009948929352,0.017719643698055707,0.0047357885544268424,0.008360019432597107,0.006511935037737475,0.0006313458553978993,0.009089885941836944,0.0022003363155265574,0.017883653411441776,0.017997422211209507,0.011097327759750874,0.013100706908916406,0.011034802135881068,0.007363518678313003,0.0038863169583505967,0.002592122961843244,0.01784057163220916,0.010084136967485969,0.012999838346956361,0.023804431697189092,0.006153503923894891,0.014389040969853963,0.009040318703120121,Mestizos
0.31830988618379225,0.0049978226594010675,0.015081789251174031,0.014975116131631775,0.00369638882472011,0.004924337531942803,0.005272109671294692,0.005236194056831313,0.011078456680392253,0.006310689669146476,0.004187015477513765,0.002793234366332835,0.016905697192847458,0.011761596026412148,0.004617681108679771,0.005834466146980285,0.0028652250101021924,0.008428437802108675,0.00627761300572068,0.0031136666459687335,0.004167937457720343,0.005230472668165202,0.0036282355042234937,0.0025339126570008068,0.007275225990748684,Mestizos
0.31830988618381284,0.00047843583214641437,0.029367981725628982,0.008620100023957453,0.005975566357022519,0.0009649692486632315,0.013228603209378301,0.010777263928364521,0.003978381371351755,0.0018307257298184776,0.005289205346203485,0.000784204135357416,0.023120928398758695,0.003424781288178318,0.00894296864373025,0.0026652561227973382,0.002950989370025481,0.004660950881258015,0.004204524492511471,0.0008198833610218716,0.004514463037333904,0.0030537838406912397,0.0014990902613394098,0.0034112979008328378,0.006771146885361272,Mestizos
0.3183098861837702,0.0012368390591686045,0.024596330131417057,0.006730333551428418,0.0037777891941904443,0.0006055805080807423,0.013292191992693405,0.006933487429904927,0.0016807035259329443,0.0032134153517316467,0.002210854409581135,0.0013278526998549709,0.011196780244009441,0.0036859339129500486,0.0010292303764654572,0.0009784699585814259,0.00253934390724526,0.00520298033022175,0.0012999299049170322,0.005016368090801637,0.006217396196899655,0.005100716246958255,0.0034296121252664425,0.003237623094260851,0.009365730164405934,Mestizos
0.31830988618378364,0.0033516719245262516,0.020814483232953505,0.0059962513726809505,0.002205984942767671,0.0028842842480219766,0.01449366441945505,0.0022995164711614186,0.0008534817990286938,0.0063491735686557055,0.0025272801770269008,0.004764451846386013,0.012267890656451744,0.003576588625154706,0.002783578852068847,0.0016096047684822708,0.0033573150867313144,0.004658300459933706,0.0025687144919446445,0.0034904161374569908,0.013379636547328308,0.004420374333027112,0.0037172547108653945,0.0038811503624690646,0.00489509987289623,Mestizos
0.31830988618377526,0.001544906711740874,0.026377484377997036,0.011032654053761594,0.0002779853709815469,0.0024316383748112474,0.016449262656458418,0.00763734414897689,0.005836750994950125,0.0023911553869869007,0.0017916162803068502,0.004151788898814383,0.016537330959009333,0.003663270397014598,0.003916452932520194,0.003999503466412069,0.0029229985921665146,0.0076566746645606405,0.003742511729071484,0.004921716785907848,0.011306461367387147,0.006073247441712038,0.0027990992799402105,0.003870267027624612,0.0079396174264098,Mestizos
0.3183098861837964,0.002771733267726288,0.014544949537354978,0.009578744820747625,0.0011059423471260921,0.0024503971561411044,0.009263722266380768,0.0033963811239152114,0.0059503143896563835,0.0013866713238378842,0.0016281972018231978,0.0006222990819098537,0.02069215715972322,0.004730617951547446,0.006463448288448493,0.0052545957649764155,0.0012649627615514483,0.0038156572844094934,0.001279769506030685,0.002183722035136214,0.0037878499587056303,0.003026524129229347,0.008977316933279383,0.003335194026716892,0.0046566509980066955,Mestizos
0.31830988618380046,0.0028716323271543213,0.015697612722397822,0.011276892876279695,0.002111538080068671,0.003198400999347533,0.007664881821163726,0.008022077941357406,0.004155070800320268,0.002750295668863685,0.0019572929151214628,0.003970772926269359,0.014821732229031121,0.005727271477881759,0.00404267106747686,0.0023035954457556944,0.006254457009182188,0.006791445106486913,0.004333540675064839,0.005163698140556971,0.008119076077291771,0.008097901412180286,0.009568517238949812,0.0011502225522982384,0.006186565255500132,Mestizos
0.31830988618377565,0.0023075415976081515,0.018827919009484356,0.012980777052241469,0.0032261949585437365,0.003344491757355803,0.013900268395473063,0.0023238293132508718,0.00987702206668533,0.012597257012733308,0.003153050302480208,0.0036143679792871902,0.012482238208484705,0.0025328580756921277,0.0019458534990735837,0.005243393499743319,0.009856479011405433,0.00878423709296534,0.0029424486795809725,0.007040701290935139,0.012134875986268202,0.003197985848246822,0.0034871508023783695,0.0016513720093223603,0.005524374637286955,Mestizos
0.3183098861838064,0.0031251410646099854,0.031024362210434062,0.011312963695635433,0.003929344846935389,0.0022198226353939334,0.02048741981690333,0.008640737573028402,0.004365464319806268,0.0047856931938631865,0.0018953042151738132,0.003994567642397291,0.020540588443470686,0.005375892704464482,0.007404973667268194,0.003278173970432831,0.003607162507788914,0.0072190416281688,0.0028984210583259547,0.0034895616580769306,0.0022039890473445596,0.005188118938186185,0.005598526162233385,0.002006000824243028,0.007391252061577146,Mestizos
0.318309886183806,0.0009758655552756258,0.013135253010714713,0.0169532034768237,0.007229767959962607,0.0011702064485750213,0.0025116067737514726,0.012382959443500657,0.009384094121639664,0.004772291534397136,0.0031551536061968696,0.0030779996834077745,0.022134368785285956,0.00674541268207909,0.013567798134690928,0.004138735874182661,0.0018692695899512435,0.0034893484008368257,0.003932097189985661,0.005527399335825811,0.0057322003044867655,0.00858635513203463,0.008198146585850724,0.008068576522215015,0.007105072811360365,Mestizos
0.3183098861838038,0.002068160370061493,0.01933801768621273,0.013769874042951106,0.006961778093234846,0.0006373607055857949,0.009801318171396695,0.008762322216443848,0.006900381401354605,0.0029976571074477134,0.001578458091760891,0.0007391539715318108,0.012445063277015988,0.006952242991812081,0.003738002214208506,0.007285261370112524,0.006730673858944617,0.005330278269158661,0.001835678350325279,0.0022486640572908175,0.010155651122910015,0.006457399623695638,0.008909019886360793,0.0017550964305500843,0.002352437661841186,Mestizos
0.31830988618380457,0.0030719479800631567,0.024378746264290343,0.011590858348268663,0.00903657061081293,0.002438476033320579,0.009186339558309466,0.013958693698876834,0.0034556808598397454,0.005278882064962129,0.007001476784389271,0.00353212770293653,0.020260405057202703,0.008133971324774676,0.009037206250758252,0.001722707519876806,0.00650750241201484,0.0024060365041595443,0.005720822829710136,0.0025753625054400434,0.005762235265001921,0.00733814565712976,0.002974103738985804,0.001648149667053185,0.005045433231211602,Mestizos
0.31830988618379563,0.0030272067279981177,0.019937322710293807,0.013407153040795258,0.002125654567647573,0.001838161592764077,0.015610850991585457,0.0075424621155308095,0.005949745503369589,0.011932595939210188,0.0025184487392900913,0.0031359688526550605,0.016162123010634334,0.004393993401634124,0.0055386534355361585,0.006992996495457596,0.0016067605867560117,0.006820911866522186,0.006402903867622923,0.004115107585734012,0.0011819515716358705,0.0024470667639208596,0.004380368136166,0.0038204713166427122,0.0008398336922797757,Mestizos
0.31830988618378264,0.00418336250461896,0.011181422032787897,0.01690679996220346,0.004889370681246458,0.006407525164266608,0.0014416443746446091,0.012697036496981649,0.00807403309102434,0.005444237299804259,0.007815850415799455,0.0068139378691330285,0.012874018016290565,0.007297919824094746,0.006400968959051414,0.0063007435612237525,0.0022625008610546544,0.009307181072352767,0.010621827748472028,0.0034010722630865384,0.00121381866356707,0.00404202642479109,0.005839183949043041,0.005383333708823927,0.0013092500673193212,Mestizos
0.31830988618380385,0.0030133723221344756,0.025551673567314474,0.011716528852809797,0.004354527242570068,0.0038077411978280472,0.010393912436119512,0.005536196996936889,0.006329263144567008,0.003205601693390657,0.0041925826876758445,0.003111580147064602,0.013569866149951771,0.00354694902786064,0.006241964971710763,0.00460919954985338,0.002612495157829076,0.005172615706398047,0.0040096652674590115,0.0024339713705589104,0.011659597661597387,0.0067184134709571105,0.009471638204422199,0.0044010058661199504,0.007101594781894711,Mestizos
0.3183098861838,0.0028618555872416095,0.015106082436552705,0.010588188861263363,0.0047433422484874565,0.001967671598802576,0.0069468725963475345,0.007427195816493378,0.005208697633782068,0.004406481772704272,0.002705523229714409,0.004528989204255876,0.014292786598865934,0.0034428805863745636,0.005282954863649979,0.0051633762295084425,0.0031838672567738252,0.0019621105861873447,0.003311106206803702,0.003877672382397179,0.007427561167510949,0.004936277129840442,0.007565554539857432,0.0025333803808522885,0.005052837140870499,Mestizos
0.31830988618379674,0.00316399801648139,0.019680909262741804,0.013829982365605328,0.005270181148248766,0.0009360269974556103,0.007396326052075683,0.009897934287518244,0.008126507163806196,0.0029355146361665797,0.0008716103193379697,0.0013488632644697383,0.016671028480200755,0.00020778933433065414,0.007584091256799521,0.00415385968791433,0.0039899314666552695,0.005073829539429329,0.0028165545793545433,0.004433787975351167,0.0036214698616815035,0.007745997004580753,0.0026211529360686873,0.003961860090517067,0.0021213371951848982,Mestizos
0.31830988618378436,0.00272011411318705,0.020967875921363673,0.01791261077497045,0.0055708170961783566,0.0006078326658945297,0.004722202507442668,0.013722540046727138,0.011715354149745902,0.011737696695398711,0.0037262881500506064,0.002711775805919789,0.006497007704591819,0.0027247021838772713,0.00715289864395146,0.009168850261136544,0.004090493625954716,0.008332369763599056,0.0005464813647316128,0.0019208575660681594,0.006063391711156254,0.0006775231585874194,0.008794824562498872,0.004926427784786484,0.006808826599244719,Mestizos
0.31830988618379535,0.006687688936595802,0.02543789946380767,0.017098242090058523,0.0030005684060162947,0.0051952385585286665,0.010876895067917844,0.00975209379297797,0.009954366666697523,0.002177089541618751,0.007830386159477431,0.003584962675910822,0.012035074818988571,0.006301589304432861,0.005739156393661675,0.010160318650939831,0.00607690432311356,0.013482694256917031,0.007545199857112311,0.004159169222768511,0.010256055181884905,0.008047417209175768,0.015507322339448695,0.0014949706448820013,0.0028690869166187053,Mestizos
0.3183098861837749,0.0009013143921943698,0.026289975342304053,0.018543639793875213,0.004907240458099784,0.0006050127122851346,0.008237825274317918,0.011873462034316051,0.011749855356548666,0.005214166736983305,0.0021878242404794763,0.001975151268011179,0.019362729110019797,0.005080615514110573,0.011081732070733163,0.008049070426635612,0.0077214022453497054,0.010542523561852259,0.0005764709176113921,0.002328730278514142,0.015565442892610469,0.0013291208568229666,0.012231897440757726,0.007165296574173716,0.0017808656631998646,Mestizos
0.31830988618376865,0.006644147972849114,0.007403314387519514,0.01519170168450264,0.004833105336122691,0.008534572732222667,0.002649587123442988,0.004692591565065081,0.005208445647239998,0.00951611628349169,0.005947744398194559,0.011489388871308287,0.0025645255307941836,9.845582825418226e-05,0.010305685983592074,0.004909039705279058,0.0045457277810532935,0.009601432729944303,0.006606276699554933,0.001985155407315674,0.007372321890117443,0.0064977858237108875,0.004532007967804769,0.005642600852741892,0.013670613333930824,Mestizos
0.3183098861838049,0.002547682900976506,0.016656934348855696,0.012896081764236197,0.007659488091899558,0.003201129921818804,0.009101332903596767,0.0033242872523428337,0.008755658910727118,0.004349346794463025,0.003216649725319338,0.004550724548304318,0.014081699364912366,0.001863989742523621,0.0034550885935172694,0.006476671809463878,0.01052499671906455,0.004293252981327468,0.005354069266702256,0.005349624484336502,0.009709153981115808,0.0030713389357908535,0.007473421792296293,0.0010865888051630245,0.0034637683064050132,Mestizos
0.3183098861837821,0.002833371034042267,0.029044870210486597,0.017219178808356644,0.007650777214852791,0.003119292803705465,0.00702127958310175,0.019279364470991402,0.009434583927776968,0.0039045980683122357,0.004690166140387557,0.0024888656486599255,0.019664496265117258,0.0026263316397008205,0.017957550919310308,0.006626040887634189,0.0051117498396551515,0.0027639552659452396,0.005815823245711061,0.0025010833016050134,0.006181448591359786,0.010888277277118656,0.0006736140940793323,0.009547827023753503,0.003953300079462646,Mestizos
0.3183098861837769,0.00468536916801556,0.027834196437298453,0.016151035311504438,0.004387140396745099,0.0018507343258145545,0.027216435776931096,0.00817793230878365,0.01157797169356645,0.007380677414348672,0.0009497679046297369,0.004590407827253028,0.019872980166534496,0.01014362471796102,0.005272792879913761,0.009846819335942806,0.007476978792466122,0.01093190454113723,0.0022298822350716807,0.004834592268587877,0.004288727073505124,0.010854423177066563,0.002861964223603909,0.0028216842374049977,0.0021264608369338956,Mestizos
0.31830988618380024,0.0046889691202711085,0.029378710439233967,0.010542868691977354,0.002533398874018236,0.0006197348815807626,0.019597428306133757,0.008590945830367512,0.003687555469796386,0.006582581865824048,0.004680142479932936,0.003579552656628508,0.015790278561444934,0.002053473776002427,0.007441168489536025,0.0037481886731702612,0.0007152404830330021,0.0016952941149282173,0.0026874557126421103,0.0026016937451655694,0.00820692769647444,0.003390902236880485,0.00454692420327543,0.002044278758052854,0.004642184736427189,Mestizos
0.3183098861838162,0.003536414338695701,0.03312647151945159,0.01117346307872866,0.007594743302361897,0.0016730710565601979,0.018862703523853774,0.01044722457287151,0.006399549023845019,0.005657084651168857,0.0021931801071943327,0.0020236712167574916,0.009721682330172196,0.005877769826766824,0.0034248177242193747,0.005164477687271649,0.0042042767657497265,0.0062553125452316765,0.0009382622157167525,0.003932260333403643,0.018479626330641864,0.010350651076333565,0.005661249048293904,0.00418196440453988,0.0006520395373613428,Mestizos
0.31830988618380407,0.0034003833616575462,0.012503400838007758,0.01609114475410082,0.0027308584215754656,0.0010141495533580736,0.008636681990904095,0.006734981101601067,0.012075793110211078,0.007068221525816167,0.003163055926024508,0.0014775481979771746,0.0147001088913379,0.0069479792676013456,0.00493596040761447,0.007688571217592833,0.013546675517571157,0.007048118803149818,0.005053621852580425,0.005961738850683798,0.0002972805124161794,0.0007578072530285727,0.005865695310989181,0.0037714765339808202,0.005246587895831636,Mestizos
0.31830988618378875,0.0035436381182091625,0.023184651118754257,0.01221113464591287,0.0021922636652359374,0.003028505398844394,0.010610826394222995,0.009634937589082394,0.007540616285130186,0.0010425701655354133,0.0061116121127665615,0.0008354814497676281,0.01667959454097765,0.0028780258528969455,0.0034935654849130664,0.005786257581628054,0.003714563129271421,0.005235609175998588,0.007831935593624677,0.005225811268421578,0.0023810195941257346,0.004649014204147604,0.008361095566446692,0.0031276362845445603,0.0054368175621219645,Mestizos
0.31830988618377776,0.0018321572380483066,0.012435241637283356,0.019699965475717767,0.002904296348272274,0.0018338856466613783,0.011430196400376583,0.0006567032759981326,0.011368203743319672,0.0018922412341917474,0.003059032510231803,0.005098708969055979,0.0026090871934257858,0.010232364903904513,0.008379419975749895,0.008211678794426856,0.0013881476808388935,0.00506926796867231,0.006334898242108469,0.005517984267138578,0.012860697992222257,0.0051579070308851605,0.007906158837051074,0.011933443098823382,0.0015233125251873877,Mestizos
0.31830988618378403,0.003479065206146621,0.020833770962239852,0.015526420253690183,0.005961741728683786,0.003137281077988556,0.012989337273684304,0.0078088720583195485,0.013231871401930134,0.0038609383560791765,0.002877015602636438,0.0015012757678864773,0.020354096759659525,0.003144606860945204,0.005648520994840245,0.00904860024724764,0.0075427143900297835,0.0039140110814166965,0.0066194764170839,0.0031595686596449907,0.004369377058050922,0.0028892309510312984,0.004052696758639323,0.0031938795143436624,0.00035559395857501333,Mestizos
0.3183098861838072,0.005447936474987774,0.03411683175080793,0.01993666066280185,0.010923647509713537,0.003586643797818458,0.009152169317717873,0.02211625022297143,0.010639633637522601,0.010554799195018014,0.01042142972118168,0.005384783762655888,0.012307304580196311,0.002942766279182558,0.010637054048551923,0.007481765195234541,0.0041722906220575855,0.011826100986781494,0.006005821720447302,0.0060730980399165925,0.019988664641087305,0.010688416777873844,0.008197453916704827,0.003184956219001537,0.002765392206310539,Mestizos
0.3183098861837867,0.0016608565667171147,0.02320770358000797,0.009643464425944935,0.006331118369925023,0.000815679301391874,0.018739299800243137,0.004497964646192038,0.004434854501155571,0.00316808245424453,0.0012138787126948754,0.001279100399548862,0.016448480812859472,0.002831430620080797,0.004988957605230715,0.002780499473523763,0.008371500139606245,0.001594074710899166,0.0005852067364445118,0.007115856991998625,0.0017447104598559816,0.00409325656658395,0.00600670304272848,0.0018455270510040528,0.005279257042066662,Mestizos
0.31830988618377887,0.002168964937238124,0.028676898171215884,0.01427490733242213,0.004005650961779264,0.0023517851650210727,0.011576382500854406,0.012356399738092425,0.003985293642264174,0.009139665187619399,0.0038328093768439735,0.004708585272172562,0.0037093012644105546,0.005582846556625384,0.005453644195166222,0.008075372088314577,0.01141393059076607,0.00832315467697133,0.005722246392388281,0.0025156020495453813,0.017906275541470954,0.008616291102061217,0.010888507134940861,0.005571007077838316,0.0006162710279115257,Mestizos
0.31830988618381445,0.0012274417667863754,0.013316124162929856,0.010531716001054802,0.003833949042292906,0.0011614100303559312,0.0029345893294857235,0.00941260545917033,0.00779319003606489,0.0032685358481028296,0.003410339065281043,0.0020894942922002504,0.0167057573477095,0.002195199853789278,0.00812261251742345,0.00555021323736827,0.0025084999097358886,0.005959015307028666,0.002888597449778669,0.003343954153376386,0.00881805168284396,0.007249845153137964,0.005710989305341176,0.006659500567613598,0.0017660424752313957,Mestizos
0.31830988618379413,0.0014307647521339263,0.02762270891546081,0.020705318441140177,0.007436048213561544,0.003602581815112278,0.010870576119971654,0.012680569471622659,0.013463681124853135,0.005764560082594753,0.003361927664745261,0.002596045435380346,0.014713783602783788,0.002384373942551872,0.010433737046327246,0.01358458833540084,0.005818200433104739,0.00492531818191499,0.004984075899857049,0.001482882979211158,0.008802151316050635,0.006154475672259936,0.009885719384272044,0.000674036072688164,0.003079410653395007,Mestizos
0.3183098861837926,0.00207011018406405,0.04103104297134131,0.02379165906491683,0.003815220305466164,0.0026060533620382315,0.014271232590515529,0.021422134565725694,0.014032314108004413,0.008219261312659919,0.005262732404087689,0.0035114466621309058,0.012155210378680916,0.004350930872414192,0.014810523094214169,0.007672056995583973,0.00801674887160824,0.008833087012507995,0.0038996310941209864,0.007141656952919722,0.018339241897318274,0.0036117085229800112,0.010595750784429474,0.0074414963150975216,0.001622385517931858,Mestizos
0.31830988618379674,0.005216387076639881,0.027917954022854467,0.01703105630204628,0.003405169930681433,0.0012777190870879942,0.00030281488097631993,0.02042074372988407,0.00800317250414565,0.005470485924736834,0.007111639961447749,0.0016082812278173256,0.008463786227272632,0.007670894518602306,0.00893168885105516,0.004195093830397038,0.00945524711574768,0.007807035401546894,0.0012809477849742255,0.0020186430351549715,0.007404859842469703,0.010266993192690348,0.004302493331884243,0.00271418789945884,0.002471884672576854,Mestizos
0.31830988618380357,0.0031170979917986784,0.023218493630431904,0.012073463426421863,0.0029920561955029765,0.0008874880023123703,0.014441963791278836,0.010090259360613226,0.00610169634050191,0.0013639298709951775,0.004912377066639582,0.0024872043125331892,0.0211086601212846,0.0009049538062074351,0.009745221198793739,0.003958524300130085,0.006100181864657944,0.0008370519611204165,0.004300784639042375,0.007028105382199823,0.0033239208685629036,0.0037943093747036813,0.004671283855978518,0.006138169600315102,0.004860678641783629,Mestizos
0.3183098861837956,0.0027016003409685084,0.02182753728504837,0.01633806200095156,0.00301499762253798,0.0033525559788146766,0.016035923538429017,0.008500153286114982,0.01156740574298547,0.006972206791264116,0.004187736937569602,0.004476196840337107,0.020148692095592564,0.0047565689512634735,0.010410214245292287,0.008323644617739576,0.01534951232223149,0.009797741452137458,0.004763920478739329,0.007468366598675335,0.002710478693008745,0.0046608685586820055,0.006570959313187565,0.006873442299877604,0.006402278411598632,Mestizos
0.31830988618380823,0.002396006672553127,0.028525514734179594,0.014062912137630149,0.0038065807697491255,0.0024386235276350884,0.006971632371402988,0.014915256991915215,0.006708513467687334,0.008693582405365384,0.00198785871759136,0.003540486455475379,0.014202369704927824,0.003241017106283358,0.012272115294508234,0.0036602235472719684,0.003843210377379048,0.013535235352213819,0.001869596232638211,0.003495206848291073,0.014445310238749952,0.0035687977735606486,0.0034201447468946806,0.006390370792614339,0.007279622009650369,Mestizos
0.31830988618380646,0.0033462117095414074,0.02636547022848361,0.019226899767408948,0.008401311422691345,0.005847695303125209,0.006782939243371344,0.01961786687273577,0.008824741030610731,0.002963464616673168,0.007863722243445725,0.0036772445034174103,0.008921433093582927,0.002516692719933363,0.009683998441418611,0.0035226688307482264,0.0012932557624536776,0.007481770491210807,0.012393518859865177,0.001971719325040947,0.0034344648729304505,0.0011464774216592617,0.007152019107297435,0.003593461285566814,0.0027746897604270476,Mestizos
0.3183098861837946,0.005487597416465938,0.009532511212605052,0.014401175460442258,0.009369156333152434,0.00587461532627689,0.007889024920008092,0.0060583700907001995,0.003137455037905854,0.005308191033271474,0.00515941197167084,0.013728296861318056,0.000991366999012114,0.008411571937309953,0.0053600847943907634,0.005403012946254022,0.002384576036143936,0.010501911921893033,0.0013757924945736464,0.007021446706110818,0.0005420399579733102,0.013588978951312091,0.0018523803964303393,0.00842542711514936,0.016795058230239863,Mestizos
0.3183098861837853,0.002247622094440154,0.02830359024647026,0.013246571191345858,0.0023718360715402806,0.0025604374936218136,0.0220668546999063,0.011323056912730129,0.007933870079432142,0.013593175373371753,0.002908001736290065,0.0022995539064776826,0.017925663193228168,0.0035639422113367563,0.009142648849524454,0.0071561439638264885,0.0016037457709171753,0.01023632969516159,0.006500593575828273,0.0028354255309267556,0.001429390390977956,0.0011927650134503697,0.0033988735671581557,0.004894886627066073,0.0028784993614755843,Mestizos
0.3183098861837787,0.0013040799319670039,0.024958592295357192,0.010956619089123626,0.0034150113533089046,0.00437272969017083,0.01862116098369401,0.010659868864689816,0.004640275187348554,0.0061946201134294564,0.0021691987753017484,0.004831727678204559,0.025363098998195978,0.006750090336355614,0.011749345201237035,0.00412988343910613,0.00448251845016703,0.004646341981787519,0.006143050937128822,0.0036311916735211245,0.0015351234768113137,0.0019560524571067,0.004109205616063654,0.005017190691050055,0.0061515910135334735,Mestizos
0.31830988618377887,0.003702193547691058,0.017154623453837718,0.01598423634922475,0.003667090383197094,0.0014377871759769947,0.014316477974569936,0.006331916693120185,0.011113252201190438,0.005127304628598152,0.0033812426545731817,0.002032489438863131,0.019636342491292695,0.004759459848717501,0.007794339004061451,0.012474668165870322,0.010216131763658145,0.0065498567939074395,0.0016414294361692743,0.0007450295190274322,0.004876052575229096,0.0019239112516746715,0.006539389768834801,0.002254245670241346,0.009569282284765446,Mestizos
0.31830988618377654,0.0021084067073769844,0.0188444900079192,0.009548206477301983,0.004332150617900433,0.002460889451234597,0.013456511266417134,0.0064186643714221345,0.004344605231275746,0.0001758238156887891,0.0023850162910862534,0.0030106472900642434,0.016737799950411452,0.006664073564431848,0.005195598385475444,0.0035961766740598583,0.008164942723667476,0.004238884330891075,0.0010813430307189196,0.0014325877939718216,0.0023952706436051333,0.004878401159917942,0.005625401636572031,0.0006551122162802017,0.005729111809909757,Mestizos
0.318309886183802,0.0004240120057324813,0.03355359508862753,0.016496584469348877,0.01271762847310639,0.005355596851213109,0.012034533648565493,0.014957122801116121,0.007403883781251197,0.004477476199540324,0.001278595052041766,0.003559616445141702,0.007795172300601298,0.010324882756733062,0.007106779687877098,0.005205373677502975,0.004143400764199407,0.009264314429710017,0.00458865666599292,0.0021125354008837585,0.01328506742953737,0.0030892788324995034,0.005427903491546543,0.0023247274892238545,0.0012570782353340814,Mestizos
0.3183098861837994,0.0031516867722267377,0.028257758005022223,0.012772888435555036,0.004839025848474451,0.0011184008035235243,0.01121949231733739,0.014486536770549873,0.006491610203733983,0.0029778989220900273,0.00982432084722012,0.000962360224737331,0.00874208172438526,0.005897817755578045,0.00778515879152852,0.005370794263191997,0.01138282239951535,0.007782688109826747,0.005514134698314229,0.00442057576774678,0.005681236268976192,0.005401739300166502,0.003371164732441439,0.0015833442561301759,0.004311709217949348,Mestizos
0.3183098861838107,0.0013466843880524455,0.02856580386675887,0.009396622918946034,0.0018403864399843557,0.0026452276506135357,0.014885961165320068,0.010029993661272451,0.00568926865019611,0.0068629223184177605,0.0018720370121135354,0.0029654786325044834,0.01563906480506117,0.0011493873834287655,0.006429382446007351,0.0030110142516361037,0.0025610038601386028,0.010315657977277497,0.002279404823782988,0.004156161559636951,0.009081077566914121,0.0011529263101269689,0.0009373237219656078,0.0017942122028493887,0.006675746019549714,Mestizos
0.3183098861838057,0.00399840727792245,0.0221089029351763,0.015742689467104196,0.005417290678825243,0.0003816422290457693,0.008343591677407862,0.010518415695292056,0.012990339714222879,0.010648254152943971,0.00917381812708087,0.0023857590471535535,0.01687712919813175,0.003621363943948232,0.008051084545788185,0.009950800488927379,0.002463694587699049,0.009517498992953595,0.002241746369511876,0.0003480112568579715,0.020534234289424195,0.008766717457313914,0.0006397039034722527,0.005362026309437702,0.0023466551549640308,Mestizos
0.31830988618380224,0.005565216842503174,0.01440218695794786,0.019696389112328534,0.0046994892072937415,0.004217017809559949,0.017578530873325608,0.0061131991367259835,0.011298193024038465,0.005254744802631656,0.0006406046466722172,0.002621358973784985,0.005351235425422517,0.0033464073933297785,0.007175482230306075,0.010170151339101761,0.007002943428533454,0.005085080515182776,0.001754167050924345,0.002305747953115081,0.009140448445652115,0.008020878550397062,0.004736520232552718,0.0008271007031917923,0.009278836565112423,Mestizos
0.31830988618380146,0.0008452093970584273,0.021304383834509527,0.015257211243191023,0.0040315308547573805,0.0008617442191812209,0.012343902445977238,0.009277019365404588,0.006408665625641353,0.0041012346666560355,0.001123827135698857,0.0030822818607419288,0.014301300283855848,0.001756155721465198,0.005537605583360011,0.005589800508479334,0.008907772095614403,0.008152874013173939,0.0035223704307144987,0.005666360892495936,0.0011315167409003957,0.0025806132171103716,0.007733136230842339,0.003404219773574898,0.002444218595230063,Mestizos
0.31830988618377903,0.0021961357896676252,0.024103549034522515,0.009841153819578206,0.0074517535423907376,0.001694247451542922,0.013048127377459305,0.0061203512458638965,0.006689314358583385,0.0015572738874242195,0.004551227061476941,0.003129669826517924,0.016015377945685867,0.004623351007065731,0.004273817490210857,0.0046192822617609685,0.003162843679087463,0.007527296413043126,0.0024327990980441386,0.005845613353018061,0.005606509332685688,0.006230795846195979,0.0022496064389754804,0.0037995026875507786,0.0014813583708930406,Mestizos
0.3183098861838005,0.0032217899030072294,0.01888918278170528,0.014254756762847374,0.009199485224265273,0.004872282976616128,0.011785764411998127,0.003899362478407965,0.011086049465361002,0.005003510853650944,0.0017232689334863024,0.003043963927915742,0.0131544754869094,0.006106659693639802,0.0016603691576281658,0.009320914673324557,0.009477225872645195,0.007582949095210081,0.004495741664722243,0.0063418999528000895,0.0048144710278485445,0.0035363094845092097,0.00774414603677953,0.0018720014972327058,0.0050517575676119085,Mestizos
0.31830988618377354,0.003109635091927321,0.023153268270809456,0.015688730364893662,0.005431050730107001,0.0030450733202147537,0.00898854467708237,0.008447649235842881,0.006731679734354704,0.0034896126770282195,0.00045214725826081065,0.004765787717663418,0.018381336471027587,0.0011127996560074348,0.0016076710414302824,0.003330652968672953,0.010764799932910017,0.011599243522421122,0.0021552125339077645,0.0059036599966702475,0.008046888875982003,0.0034999894020038037,0.014053564957562416,0.0050746973343914386,0.006015653312509267,Mestizos
0.3183098861838041,0.0010874814366869684,0.01897847643564861,0.011203161709807341,0.005492684892781014,0.001839571127248455,0.011156901286135282,0.009302776230598903,0.006032069884780483,0.0010233392908110257,0.0028051521134947115,0.004684407764849,0.02014259235231084,0.003375616732731332,0.00753429299999866,0.0029992334539138197,0.011059207211835615,0.007777489880222309,0.0025292179420251778,0.003756723965076602,0.005203521816398249,0.0035587697720015623,0.004720207276790473,0.003418424157066283,0.006508474321453399,Mestizos
0.3183098861838085,0.0019141281587487385,0.02061128024180339,0.008494012344399641,0.008168878025763797,0.002293859393027306,0.013726242594213178,0.009152967326313682,0.0020491279486277466,0.0017236396361846014,0.0015614154237996237,0.004423108061952148,0.015060662892471719,0.004696168987133091,0.0048773424720429245,0.0013775696859817984,0.005865756000350363,0.0016047727587234128,0.002292276734246478,0.006990833138878132,0.0027182752860453714,0.003982487762361133,0.005763011179604327,0.0029627963484296534,0.006462552661947161,Mestizos
0.3183098861837958,0.008683741956010039,0.025139996268715263,0.013738008784755161,0.0050108963367986896,0.004097155076033931,0.01814309633519243,0.013851141807364188,0.003073044161401377,0.006085286598407262,0.007739492024910989,0.0024614813012969177,0.0017203579536790462,0.015580798120934188,0.012000804779527731,0.0011901867005931917,0.0018527745156224965,0.0033777298036224727,0.003907179077723501,0.0031378215506213626,0.002051385189623524,0.005391285614989065,0.008002724341347604,0.0021344831856444646,0.0010955173488454168,Mestizos
0.31830988618377365,0.0056638223634370675,0.02376663498270404,0.013168582382169126,0.0010636814830758431,0.0011538812613504548,0.017963976301792573,0.009657330626043388,0.006571818093885056,0.0030116674808203106,0.008568810096592045,0.000726834028868383,0.01881479449191212,0.0018738672510393963,0.008337028587317339,0.004994993568005095,0.0032045927514642277,0.003030127025205622,0.002351243723705873,0.002056548102504684,0.006171870675079832,0.002817129692201014,0.005174066063753285,0.001154452368354515,0.0033967658221392564,Mestizos
0.3183098861838073,0.006225812414449765,0.034552327647055445,0.015537734390987611,0.008993155757035081,0.001233917534857936,0.022240915375110797,0.020376144074107146,0.0034166042145673176,0.001994250320901778,0.011671006522607838,0.005084564075871542,0.00408892602837645,0.016774991189849937,0.013186186653632305,0.0010190994453747322,0.00809817922588018,0.004167937180403884,0.005387181180747669,0.005984914868795634,0.003728173694493272,0.003944004469584802,0.005534698435437372,0.004667471286290965,0.0022451043449405175,Mestizos
0.31830988618380224,0.00482735239743366,0.03196458109506227,0.012663124592408329,0.0057911991539008585,0.0027422670730698645,0.01902113595098654,0.015220370639760901,0.005446734071150321,0.005896415200197311,0.007307005396726174,0.000997909723495323,0.010474703318991837,0.0066507864725747455,0.012002155974143872,0.003109823023585706,0.00838057869355661,0.0024704053015126497,0.006436520809085249,0.0009854154077857718,0.004758893852234275,0.007958650908691148,0.0024613236330567516,0.007522495520854331,0.0017641535081162104,Mestizos
0.3183098861838026,0.0018617313038713508,0.026011094142499497,0.011431920925404,0.009860637156705914,0.00010986726175111027,0.009819316441714927,0.013277679840352007,0.005850177460735682,0.004287372751983276,0.005831129568367854,0.0017409696752071348,0.019306558798724362,0.005979737794797175,0.009109378211088075,0.005808271141662267,0.002437635516123133,0.0045074293861715325,0.005897896961409513,0.004279329208202038,0.008215769548188692,0.006488915852924648,0.003916671863837635,0.0031432395364928093,0.0037365241797660924,Mestizos
0.3183098861838104,0.001392463697712772,0.0197023561696658,0.010901651202400749,0.008905791166869065,0.001779076632106406,0.010924902612575805,0.009935174526504343,0.004690937598977513,0.002065830700658859,0.006100640093898688,0.0009293645369179588,0.018828676527302208,0.002358266748101103,0.007267930176918805,0.002581011014008163,0.0035240667053135447,0.0015396155398938243,0.0020236811244725137,0.0001294800981872182,0.0024598979608049477,0.001438864157286952,0.0024934244631185367,0.004459763866279905,0.0054101679238816695,Mestizos
0.3183098861838018,0.0007619872952209108,0.02430158381021813,0.011849585311423955,0.0033752279966565357,0.0013810668022353422,0.012086478338572876,0.01334194559838753,0.005819508764309988,0.002384021321085067,0.0019046568069841666,0.003257740612627311,0.027922801079464897,0.005246242405969616,0.011962877465216626,0.002006618126657027,0.001488403743892124,0.0036696816029272634,0.0018043513067071248,0.004008602172712884,0.005809271785344255,0.005521736033028695,0.004390390794316495,0.008189234689859614,0.006662604818518433,Mestizos
0.3183098861837835,0.0009070082569982541,0.028306423675540805,0.013779556470728977,0.0116189722570945,0.002873675337800787,0.01319532932559129,0.01229663807794316,0.006689338595819538,0.004291963073531221,0.0017456235784539358,0.0029970918349479397,0.012077129575688926,0.0050419194636542345,0.00916548218897747,0.005280277442345385,0.0024416694276128137,0.0020908216550810437,0.001267307615049485,0.0027475553472560525,0.007223212418964706,0.0024340269021725426,0.003189153199193642,0.0022209542239479997,0.003912474625971409,Mestizos
0.31830988618376926,0.003402588678599792,0.032926407164758024,0.017365318159207287,0.0020111306671864644,0.002970948109985538,0.014143031258800192,0.014741948678341889,0.009457193310350508,0.0032755579686682716,0.004608714264024475,0.0037692690163910548,0.014272511127491441,0.0070893074087013605,0.009583825008226745,0.004833283391094406,0.008811427152011725,0.015118028451660569,0.0022920063482489254,0.0055129698462530645,0.009338533870093995,0.003940679036607084,0.007155943009759254,0.002492152212128257,0.0029442124205980866,Mestizos
0.31830988618378314,0.0028438806339170456,0.02315821410338272,0.012409221650718354,0.0018687402901231456,0.002341260228458533,0.00445453284758837,0.013248994785476585,0.006465098069250359,0.0027096175940350894,0.0034389959638455227,0.002770362148411226,0.005391965484126889,0.006676072453932401,0.005252582056124657,0.004864698930683528,0.01382184062167011,0.009358083101906016,0.003962737647821343,0.0021433028488071814,0.004952006266641324,0.006201799100286221,0.002061915383834236,0.0013215772560056403,0.0031894276006194963,Mestizos
0.3183098861837875,0.003771994178204528,0.022959725433782222,0.015325600348196853,0.006386421197926223,0.00752410094323904,0.005840744719785066,0.01575047310212592,0.006670606163482611,0.0013150848870842372,0.011052117912345618,0.007974780957513545,0.008570336844747187,0.0031408857443370694,0.006545802296804491,0.003266241054084803,0.009650468516417978,0.0015711360351912118,0.010339382564547243,0.007887207104594897,0.004627901926982945,0.0018501663447144355,0.012151040414285837,0.0036950960852907147,0.002549300235447325,Mestizos
0.3183098861837914,0.004879389173390381,0.02204568193935353,0.01541957616288199,0.008713328872740615,0.0030101878550682594,0.003542731854622319,0.012816582874671582,0.007960188304109593,0.0029705125848293506,0.003009817473487761,0.000496224280712885,0.008298209248268849,0.004345565938589936,0.004428620790539726,0.0031438875604852955,0.005561165197672604,0.009719743851536795,0.006521415851656738,0.0027500411090080022,0.0018204821303540294,0.007209313941930715,0.006799765499874371,0.002976077773474097,0.009479475165467216,Mestizos
0.3183098861838011,0.004955213028253857,0.014575168261991716,0.01669833748706275,0.00269843546528737,0.006366135384402625,0.015788987420460275,0.001265435267487831,0.0026250853093775115,0.005611504507586611,0.006416276983105636,0.012625122031770452,0.004102669957162104,0.0049104644828664905,0.002056293665942617,0.0033164464546511442,0.0011846192965677543,0.007303024065959993,0.0024347336211582946,0.012178020623350928,0.00017817307760073614,0.0026728934177426976,0.013191298480907273,0.000641528565575144,0.004525823416908847,Mestizos
0.318309886183784,0.004187820344074601,0.02541497380487672,0.01310220917172198,0.008011800790378032,0.005529377899731729,0.009439387663495292,0.013550189700351442,0.007398308639233998,0.0024773022278653557,0.004989221457253875,0.0051496970262915375,0.012092962611260787,0.004568888748914498,0.003400958314260183,0.003276335583323681,0.0030503574462608773,0.007047258126177587,0.0061838713401800955,0.007253529592389542,0.000898953219192185,0.003966039919469715,0.0022026854156825862,0.0034001691196544636,0.008854311102372548,Mestizos
0.31830988618377476,0.0011446117983016024,0.024538852844902325,0.01828834322251643,0.002283926948980257,0.002508044789161622,0.012165634666864074,0.016697590032021335,0.01077696013979308,0.009520350044579262,0.0011252838830166487,0.004628585944336517,0.017103585489785127,0.008719463583147648,0.011373625397684745,0.005397897427309195,0.002517031724787929,0.013543725070265591,0.001595884634112788,0.005258679505386055,0.009422427767885983,0.011284713246806063,0.008511053454280512,0.005938030219817281,0.00708446875915436,Mestizos
0.31830988618380746,0.0027256172379632555,0.027340937607251595,0.013240533493389344,0.0009129194475066486,0.0013976918716087953,0.02156132287533679,0.008841703670735668,0.008048282824829032,0.0072022779543034115,0.005067012405064548,0.005275847327453063,0.019257732241208563,0.009773849346810432,0.004540813197140062,0.00518460195037684,0.003240257158332746,0.00954928753282103,0.0038705451786623657,0.007723963118507824,0.012790782034802464,0.012652918500189186,0.0035867642872441366,0.0016937963878825139,0.003291966549562918,Mestizos
0.3183098861837979,0.0003739662832753729,0.0190731789616893,0.007567058283335399,0.0029239810333544173,0.0007926783775137971,0.008747324521683676,0.008125104409334397,0.002664097642023221,0.0007220149915729328,0.002792331806837426,0.0009512706191552334,0.015744525415938536,0.004423490395138407,0.0070523602887447474,0.00177769464444061,0.002163069777940569,0.0021303525198771802,0.0033713662526782375,0.0019781975925395176,0.001378698857379513,0.0010836111638084813,0.0022258766403607357,0.002827567447357941,0.00834447784305391,Mestizos
0.3183098861837982,0.0018272113433086801,0.030596102685410798,0.010840558433043181,0.008682103283814762,0.004510393360298727,0.020193013100807344,0.009743659301404516,0.0041273483739595026,0.0021308298418041822,0.003951983485968277,0.005173778416868403,0.017371132052969876,0.005845433164894002,0.005475108547438546,0.0015958326428143147,0.003744024230300687,0.0036562659569303307,0.004688509154790835,0.006102192925643327,0.0016819885882978097,0.0032682831974296,0.006900789436750756,0.0007423537061597019,0.0037953630982701715,Mestizos
0.3183098861837781,0.002244301003121272,0.024064150951900693,0.013634435996393815,0.0014932751849193204,0.004357566615553485,0.008111691154497542,0.015177961835517683,0.006600638174063545,0.013566426455167209,0.006818425100522009,0.0038688277062013383,0.01707092325135812,0.005409862723187931,0.009305814461076827,0.004252230665741319,0.0010338845787187109,0.009999371050792502,0.00900698193515311,0.0018197535595074975,6.133109407251816e-06,0.0019644285311993482,0.005159408823335536,0.004465146064694722,0.0035870373097161264,Mestizos
0.3183098861837834,0.0007916553463330329,0.02370942768191201,0.01283598576029409,0.00749064446896264,0.003227031121009473,0.010579036212950687,0.012330228172178086,0.005680280370385876,0.0010512918279674697,0.003618596342750477,0.004399865083933746,0.015579146966214841,0.003022145245840624,0.0032289035954544774,0.004323710379857532,0.009980417275549975,0.005412170609624276,0.006750062353173215,0.003617633268541578,0.0028464924240634206,0.0025453126273590875,0.006035049281849333,0.0013977145617481972,0.0009317373772239971,Mestizos
0.31830988618376665,0.000844325796491265,0.02567647224273584,0.008157468567400333,0.002052424623430539,0.003918390040741203,0.004480298395288767,0.00534786798187734,0.0024416417722322448,0.004585723783949892,0.0017993823672234235,0.0050971105704524745,0.003650005691911673,0.0025580932954992275,0.0017234355919990146,0.00244951509355299,0.006353953870122826,0.0029559593933975456,0.003279723133579913,0.003713058885207382,0.017590117974463575,0.009428056667377026,0.007894812514676934,0.0031575299119378725,0.003838807576286102,Mestizos
0.31830988618378975,0.005363890019826122,0.023969432311395786,0.016705617081564417,0.0067501784804155284,0.006095264732776706,0.017267195962717648,0.00742093287104369,0.01047945080227067,0.002284105672389101,0.009299070527456838,0.006607304658958377,0.013539896850552126,0.0034223127449154534,0.00525734132872173,0.006877661847743595,0.0038220275401720347,0.00425865766358616,0.006956811528780174,0.004272578834686374,0.007944829257110845,0.002092235818989784,0.005362806920201304,0.005985169925303284,0.0031275359732675537,Mestizos
0.3183098861837756,0.0038106580175893186,0.017787090784140182,0.014984715235615254,0.006414776443639173,0.0037023269608724646,0.013997171679130995,0.008393768108825389,0.009681428197560104,0.004172335868928616,0.0015459494946643087,0.0023933943037077175,0.011910924933335352,0.006085025603913993,0.004465400861646277,0.011227498225643857,0.005853075972337033,0.005147099704220141,0.0060384731496679455,0.003912871900099261,0.0015538805556994093,0.0068275343901412254,0.007586152011518647,0.0016601400393948722,0.0056567512486347974,Mestizos
